,Symbol,Expiration,Size,Strike,Spot,Received,dt,Type,Cap,diff
0,BB,2021/01/29,$300.00K,21.0,18.65,2021/01/27 04:30,20210126,Call,300.0,2
1,PCG,2021/03/19,$68.94K,14.0,11.01,2021/01/27 04:29,20210126,Call,68.94,51
2,DD,2021/02/19,$5.08M,105.0,80.03,2021/01/27 04:28,20210126,Put,5080.0,23
3,SBUX,2021/01/29,$95.96K,99.0,105.08,2021/01/27 04:27,20210126,Put,95.96,2
4,MU,2021/02/19,$168.12K,72.5,79.49,2021/01/27 04:27,20210126,Put,168.12,23
5,AMC,2021/01/29,$77.08K,7.0,4.93,2021/01/27 04:27,20210126,Call,77.08,2
6,TWTR,2021/03/19,$3.34M,55.0,49.85,2021/01/27 04:26,20210126,Put,3340.0,51
7,TWTR,2021/03/19,$1.30M,55.0,49.85,2021/01/27 04:26,20210126,Call,1300.0,51
8,DD,2021/02/19,$10.03M,120.0,80.11,2021/01/27 04:25,20210126,Put,10030.0,23
9,BEKE,2021/02/19,$285.00K,55.0,64.28,2021/01/27 04:25,20210126,Put,285.0,23
10,MAC,2021/02/19,$700.00K,20.0,19.71,2021/01/27 04:23,20210126,Call,700.0,23
11,MAC,2021/02/19,$300.00K,25.0,19.7,2021/01/27 04:23,20210126,Call,300.0,23
12,MU,2021/03/19,$419.87K,72.5,79.61,2021/01/27 04:23,20210126,Put,419.87,51
13,HAL,2022/01/21,$40.84K,7.5,18.26,2021/01/27 04:22,20210126,Put,40.84,359
14,LRN,2021/02/19,$779.68K,25.0,25.94,2021/01/27 04:22,20210126,Call,779.68,23
15,LRN,2021/02/19,$277.51K,30.0,25.94,2021/01/27 04:22,20210126,Call,277.51,23
16,DD,2021/02/19,$8.02M,120.0,80.14,2021/01/27 04:21,20210126,Put,8020.0,23
17,BBBY,2021/02/19,$256.67K,26.0,36.43,2021/01/27 04:19,20210126,Put,256.67,23
18,GE,2021/02/19,$80.00K,12.0,11.38,2021/01/27 04:18,20210126,Call,80.0,23
19,TPGY,2021/04/16,$630.00K,25.0,29.06,2021/01/27 04:16,20210126,Put,630.0,79
20,KR,2022/01/21,$252.00K,45.0,36.67,2021/01/27 04:15,20210126,Call,252.0,359
21,Z,2021/02/19,$4.62M,145.0,141.9,2021/01/27 04:14,20210126,Put,4620.0,23
22,Z,2021/02/19,$3.41M,145.0,141.9,2021/01/27 04:14,20210126,Call,3410.0,23
23,GOLD,2021/03/19,$243.00K,22.0,23.34,2021/01/27 04:14,20210126,Put,243.0,51
24,GOLD,2021/03/19,$234.00K,25.0,23.34,2021/01/27 04:14,20210126,Call,234.0,51
25,QCOM,2021/03/19,$15.40M,190.0,162.05,2021/01/27 04:13,20210126,Put,15400.0,51
26,QCOM,2021/03/19,$1.28M,190.0,162.05,2021/01/27 04:13,20210126,Call,1280.0,51
27,MU,2021/03/19,$404.60K,70.0,79.77,2021/01/27 04:13,20210126,Put,404.6,51
28,AAL,2021/01/29,$83.54K,16.0,15.39,2021/01/27 04:12,20210126,Call,83.54,2
29,CMCM,2021/03/19,$25.32K,3.0,2.23,2021/01/27 04:10,20210126,Call,25.32,51
30,CMCM,2021/03/19,$16.22K,3.0,2.23,2021/01/27 04:05,20210126,Call,16.22,51
31,CSCO,2021/03/19,$15.92K,34.0,45.24,2021/01/27 04:05,20210126,Put,15.92,51
32,M,2021/02/05,$202.00K,15.5,15.51,2021/01/27 04:03,20210126,Call,202.0,9
33,PSEC,2021/02/19,$18.79K,7.0,6.42,2021/01/27 04:02,20210126,Call,18.79,23
34,GM,2022/01/21,$1.36M,55.0,52.39,2021/01/27 04:00,20210126,Call,1360.0,359
35,TLRY,2021/03/19,$1.84M,7.0,19.2,2021/01/27 04:00,20210126,Call,1840.0,51
36,TLRY,2021/03/19,$1.69M,8.0,19.2,2021/01/27 04:00,20210126,Call,1690.0,51
37,MAC,2022/01/21,$601.50K,30.0,19.14,2021/01/27 03:59,20210126,Call,601.5,359
38,GM,2022/01/21,$1.52M,42.0,52.4,2021/01/27 03:57,20210126,Put,1520.0,359
39,AEO,2021/03/19,$280.50K,23.0,23.47,2021/01/27 03:55,20210126,Put,280.5,51
40,AAL,2021/06/18,$145.00K,8.0,15.35,2021/01/27 03:54,20210126,Put,145.0,142
41,AMC,2021/01/29,$54.38K,7.0,4.72,2021/01/27 03:53,20210126,Call,54.38,2
42,LI,2021/02/19,$300.68K,29.0,32.56,2021/01/27 03:53,20210126,Put,300.68,23
43,PBI,2021/02/19,$522.08K,10.0,11.15,2021/01/27 03:52,20210126,Call,522.08,23
44,PLUG,2021/02/05,$734.28K,80.0,74.51,2021/01/27 03:52,20210126,Call,734.28,9
45,RTX,2021/02/19,$64.95K,50.0,68.03,2021/01/27 03:49,20210126,Put,64.95,23
46,AAL,2021/05/21,$3.52M,15.0,15.4,2021/01/27 03:49,20210126,Put,3520.0,114
47,PBI,2021/07/16,$628.32K,12.0,11.39,2021/01/27 03:44,20210126,Call,628.32,170
48,KR,2021/07/16,$116.00K,28.0,36.3,2021/01/27 03:43,20210126,Put,116.0,170
49,NOK,2022/01/21,$183.54K,7.0,4.86,2021/01/27 03:42,20210126,Call,183.54,359
50,IVR,2021/02/19,$52.80K,6.0,4.23,2021/01/27 03:41,20210126,Call,52.8,23
51,IVR,2023/01/20,$465.30K,3.5,4.23,2021/01/27 03:41,20210126,Call,465.3,723
52,Z,2023/01/20,$1.72M,85.0,142.52,2021/01/27 03:39,20210126,Put,1720.0,723
53,QTT,2021/03/19,$133.88K,2.5,3.25,2021/01/27 03:36,20210126,Put,133.88,51
54,QTT,2021/03/19,$163.63K,5.0,3.25,2021/01/27 03:36,20210126,Call,163.63,51
55,RVLV,2021/02/26,$258.24K,34.0,39.23,2021/01/27 03:36,20210126,Put,258.24,30
56,RVLV,2021/02/26,$177.54K,50.0,39.23,2021/01/27 03:36,20210126,Call,177.54,30
57,RVLV,2021/02/26,$645.60K,39.0,39.23,2021/01/27 03:36,20210126,Put,645.6,30
58,AAL,2021/01/29,$59.25K,16.0,15.4,2021/01/27 03:35,20210126,Call,59.25,2
59,GE,2021/01/29,$450.00K,11.5,11.53,2021/01/27 03:34,20210126,Call,450.0,2
60,PBI,2021/02/19,$404.27K,10.0,10.55,2021/01/27 03:33,20210126,Call,404.27,23
61,SFT,2021/05/21,$600.00K,10.0,8.71,2021/01/27 03:32,20210126,Call,600.0,114
62,VIR,2021/02/19,$190.00K,35.0,63.08,2021/01/27 03:29,20210126,Put,190.0,23
63,VIR,2021/02/19,$2.14M,50.0,63.08,2021/01/27 03:29,20210126,Put,2140.0,23
64,PBR,2021/03/19,$108.00K,9.0,10.41,2021/01/27 03:29,20210126,Put,108.0,51
65,TEN,2021/03/19,$75.00K,8.0,10.1,2021/01/27 03:27,20210126,Put,75.0,51
66,PBI,2021/02/19,$581.68K,8.0,10.4,2021/01/27 03:27,20210126,Call,581.68,23
67,GOLD,2021/02/19,$162.00K,23.0,23.35,2021/01/27 03:25,20210126,Put,162.0,23
68,ORCL,2022/01/21,$584.00K,72.5,61.63,2021/01/27 03:21,20210126,Call,584.0,359
69,ORCL,2022/01/21,$1.53M,62.5,61.63,2021/01/27 03:21,20210126,Put,1530.0,359
70,SNAP,2021/01/29,$233.44K,52.0,53.66,2021/01/27 03:21,20210126,Put,233.44,2
71,LI,2021/02/19,$932.67K,35.0,32.56,2021/01/27 03:13,20210126,Put,932.67,23
72,ITUB,2022/01/21,$140.00K,5.0,5.35,2021/01/27 03:10,20210126,Put,140.0,359
73,ITUB,2022/01/21,$150.00K,5.5,5.35,2021/01/27 03:10,20210126,Call,150.0,359
74,PLUG,2021/01/29,$49.00K,60.0,74.79,2021/01/27 03:08,20210126,Put,49.0,2
75,BABA,2021/03/19,$8.43M,265.0,264.28,2021/01/27 03:07,20210126,Call,8430.0,51
76,BABA,2021/03/19,$8.63M,265.0,264.28,2021/01/27 03:07,20210126,Put,8630.0,51
77,LI,2021/02/19,$1.00M,35.0,32.42,2021/01/27 03:04,20210126,Put,1000.0,23
78,AXP,2022/01/21,$852.00K,85.0,117.19,2021/01/27 03:02,20210126,Put,852.0,359
79,NOK,2022/01/21,$134.91K,10.0,4.77,2021/01/27 02:59,20210126,Call,134.91,359
80,PBI,2021/02/19,$550.17K,8.0,9.39,2021/01/27 02:59,20210126,Call,550.17,23
81,MAC,2021/03/19,$500.00K,20.0,17.62,2021/01/27 02:58,20210126,Call,500.0,51
82,MAC,2021/03/19,$1.15M,20.0,17.62,2021/01/27 02:58,20210126,Put,1150.0,51
83,DD,2021/02/12,$3.62M,105.0,80.38,2021/01/27 02:58,20210126,Put,3620.0,16
84,DD,2021/02/12,$16.50K,105.0,80.38,2021/01/27 02:58,20210126,Call,16.5,16
85,PRTS,2021/02/19,$181.12K,25.0,18.26,2021/01/27 02:57,20210126,Call,181.12,23
86,FLWS,2021/02/19,$210.00K,40.0,34.57,2021/01/27 02:56,20210126,Call,210.0,23
87,DKNG,2021/02/05,$75.50K,65.0,54.77,2021/01/27 02:55,20210126,Call,75.5,9
88,SLM,2021/02/19,$76.79K,12.0,13.1,2021/01/27 02:55,20210126,Put,76.79,23
89,M,2021/03/19,$300.00K,15.0,15.15,2021/01/27 02:54,20210126,Call,300.0,51
90,IAC,2021/06/18,$1.24M,270.0,209.84,2021/01/27 02:52,20210126,Call,1240.0,142
91,GE,2021/02/12,$113.00K,12.0,11.49,2021/01/27 02:51,20210126,Call,113.0,16
92,GE,2021/02/19,$49.49K,13.5,11.48,2021/01/27 02:50,20210126,Call,49.49,23
93,ITUB,2022/01/21,$172.50K,5.0,5.34,2021/01/27 02:50,20210126,Put,172.5,359
94,ITUB,2022/01/21,$190.00K,5.5,5.34,2021/01/27 02:50,20210126,Call,190.0,359
95,TSM,2021/01/29,$69.99K,140.0,127.0,2021/01/27 02:47,20210126,Call,69.99,2
96,VIAC,2021/02/05,$264.82K,47.0,49.9,2021/01/27 02:47,20210126,Put,264.82,9
97,BHC,2021/02/19,$2.12M,27.0,26.76,2021/01/27 02:44,20210126,Put,2120.0,23
98,BHC,2021/02/19,$1.79M,27.0,26.76,2021/01/27 02:44,20210126,Call,1790.0,23
99,PSEC,2021/05/21,$23.40K,7.0,6.35,2021/01/27 02:43,20210126,Call,23.4,114
100,PBI,2021/02/19,$119.99K,8.0,8.3,2021/01/27 02:42,20210126,Call,119.99,23
101,PLTR,2021/03/05,$987.00K,45.0,35.48,2021/01/27 02:40,20210126,Call,987.0,37
102,PLTR,2021/03/05,$329.00K,45.0,35.48,2021/01/27 02:40,20210126,Call,329.0,37
103,PLTR,2021/03/05,$1.33M,45.0,35.48,2021/01/27 02:40,20210126,Put,1330.0,37
104,PLTR,2021/03/05,$3.99M,45.0,35.49,2021/01/27 02:40,20210126,Put,3990.0,37
105,AMC,2021/03/19,$476.00K,8.0,4.65,2021/01/27 02:38,20210126,Put,476.0,51
106,GE,2021/02/19,$125.73K,12.0,11.49,2021/01/27 02:37,20210126,Call,125.73,23
107,GM,2021/01/29,$44.93K,55.0,52.23,2021/01/27 02:36,20210126,Call,44.93,2
108,MDLA,2021/05/21,$255.00K,55.0,44.58,2021/01/27 02:35,20210126,Call,255.0,114
109,FCX,2021/02/19,$614.45K,27.0,27.39,2021/01/27 02:35,20210126,Put,614.45,23
110,BABA,2021/02/19,$1.97M,250.0,263.49,2021/01/27 02:35,20210126,Call,1970.0,23
111,BABA,2021/02/19,$608.00K,250.0,263.49,2021/01/27 02:35,20210126,Put,608.0,23
112,TWTR,2021/02/19,$142.00K,65.0,49.77,2021/01/27 02:32,20210126,Call,142.0,23
113,TWTR,2021/02/19,$422.00K,55.0,49.77,2021/01/27 02:32,20210126,Call,422.0,23
114,UBER,2021/02/05,$356.00K,54.0,53.55,2021/01/27 02:32,20210126,Call,356.0,9
115,ETSY,2021/03/19,$696.26K,260.0,203.9,2021/01/27 02:31,20210126,Call,696.26,51
116,ETSY,2021/03/19,$1.35M,230.0,203.9,2021/01/27 02:31,20210126,Call,1350.0,51
117,DD,2021/02/12,$2.44M,105.0,81.03,2021/01/27 02:27,20210126,Put,2440.0,16
118,DAL,2021/02/19,$588.00K,35.0,39.46,2021/01/27 02:27,20210126,Put,588.0,23
119,DAL,2021/02/19,$456.00K,40.0,39.46,2021/01/27 02:27,20210126,Put,456.0,23
120,AMC,2021/02/19,$90.00K,8.0,4.62,2021/01/27 02:26,20210126,Call,90.0,23
121,AMC,2021/02/19,$435.00K,8.0,4.62,2021/01/27 02:26,20210126,Put,435.0,23
122,GPS,2023/01/20,$1.59M,20.0,21.77,2021/01/27 02:22,20210126,Put,1590.0,723
123,BZUN,2021/07/16,$812.40K,60.0,45.92,2021/01/27 02:22,20210126,Call,812.4,170
124,AAL,2021/07/16,$269.00K,15.0,15.5,2021/01/27 02:22,20210126,Put,269.0,170
125,BBBY,2021/01/29,$233.85K,36.0,34.61,2021/01/27 02:21,20210126,Call,233.85,2
126,LVS,2021/02/19,$201.00K,57.0,53.05,2021/01/27 02:21,20210126,Call,201.0,23
127,CCJ,2022/01/21,$111.00K,20.0,13.0,2021/01/27 02:20,20210126,Call,111.0,359
128,CCIV,2021/08/20,$1.42M,10.0,23.48,2021/01/27 02:19,20210126,Call,1420.0,205
129,CCIV,2021/08/20,$840.00K,15.0,23.48,2021/01/27 02:19,20210126,Put,840.0,205
130,CCL,2021/02/05,$122.16K,18.5,18.75,2021/01/27 02:18,20210126,Call,122.16,9
131,LLY,2021/02/19,$785.35K,215.0,211.87,2021/01/27 02:17,20210126,Call,785.35,23
132,SLB,2023/01/20,$270.00K,17.5,23.29,2021/01/27 02:15,20210126,Put,270.0,723
133,MIST,2021/06/18,$101.25K,12.5,8.13,2021/01/27 02:14,20210126,Call,101.25,142
134,MCD,2021/02/19,$104.13K,232.5,214.3,2021/01/27 02:14,20210126,Call,104.13,23
135,BABA,2021/06/18,$4.72M,270.0,263.68,2021/01/27 02:13,20210126,Call,4720.0,142
136,BABA,2021/06/18,$5.78M,270.0,263.68,2021/01/27 02:13,20210126,Put,5780.0,142
137,GE,2022/01/21,$188.00K,12.0,11.51,2021/01/27 02:12,20210126,Call,188.0,359
138,GE,2021/01/29,$21.00K,12.0,11.53,2021/01/27 02:12,20210126,Call,21.0,2
139,XOM,2021/06/18,$826.50K,47.5,46.28,2021/01/27 02:10,20210126,Put,826.5,142
140,XOM,2021/06/18,$645.00K,40.0,46.28,2021/01/27 02:10,20210126,Put,645.0,142
141,PLTR,2021/03/19,$2.06M,35.0,35.32,2021/01/27 02:09,20210126,Call,2060.0,51
142,PLTR,2021/03/19,$2.15M,35.0,35.32,2021/01/27 02:09,20210126,Put,2150.0,51
143,BEKE,2021/02/19,$247.00K,55.0,65.18,2021/01/27 02:08,20210126,Put,247.0,23
144,DD,2021/02/19,$3.92M,120.0,81.23,2021/01/27 02:07,20210126,Put,3920.0,23
145,OPK,2021/02/19,$76.78K,5.5,5.42,2021/01/27 02:06,20210126,Call,76.78,23
146,HIMX,2022/01/21,$653.61K,10.0,9.52,2021/01/27 02:05,20210126,Call,653.61,359
147,JNJ,2021/03/19,$2.18M,180.0,170.16,2021/01/27 02:04,20210126,Call,2180.0,51
148,OPK,2021/03/19,$65.52K,5.0,5.42,2021/01/27 02:02,20210126,Put,65.52,51
149,OPK,2021/03/19,$124.07K,5.0,5.42,2021/01/27 02:02,20210126,Call,124.07,51
150,DD,2021/02/12,$2.43M,105.0,81.15,2021/01/27 02:02,20210126,Put,2430.0,16
151,GME,2021/02/19,$3.39M,115.0,105.22,2021/01/27 02:00,20210126,Call,3390.0,23
152,NIO,2021/03/19,$12.22M,60.0,59.58,2021/01/27 01:59,20210126,Call,12220.0,51
153,NIO,2021/03/19,$12.82M,60.0,59.58,2021/01/27 01:59,20210126,Put,12820.0,51
154,DD,2021/02/12,$12.07M,105.0,81.28,2021/01/27 01:59,20210126,Put,12070.0,16
155,DD,2021/02/12,$70.00K,105.0,81.28,2021/01/27 01:59,20210126,Call,70.0,16
156,BBBY,2021/02/05,$330.00K,28.0,33.05,2021/01/27 01:59,20210126,Put,330.0,9
157,LULU,2021/03/19,$4.70M,360.0,331.47,2021/01/27 01:58,20210126,Put,4700.0,51
158,BCRX,2021/06/18,$180.00K,7.0,9.22,2021/01/27 01:54,20210126,Put,180.0,142
159,BCRX,2021/06/18,$217.50K,14.0,9.22,2021/01/27 01:54,20210126,Call,217.5,142
160,SIRI,2021/02/19,$43.40K,6.5,6.23,2021/01/27 01:53,20210126,Call,43.4,23
161,AMC,2021/01/29,$49.92K,7.0,4.72,2021/01/27 01:53,20210126,Call,49.92,2
162,BBBY,2021/01/29,$199.72K,32.0,33.93,2021/01/27 01:53,20210126,Put,199.72,2
163,PRTS,2021/12/17,$2.70M,7.5,18.25,2021/01/27 01:53,20210126,Call,2700.0,324
164,NKLA,2021/07/16,$557.28K,35.0,25.96,2021/01/27 01:50,20210126,Call,557.28,170
165,MRNA,2021/02/19,$1.31M,150.0,153.65,2021/01/27 01:50,20210126,Put,1310.0,23
166,GME,2021/01/29,$628.30K,60.0,114.14,2021/01/27 01:50,20210126,Put,628.3,2
167,LI,2021/01/29,$132.00K,30.5,32.69,2021/01/27 01:49,20210126,Put,132.0,2
168,LMT,2021/01/29,$77.60K,350.0,334.2,2021/01/27 01:49,20210126,Call,77.6,2
169,FBP,2021/03/19,$44.11K,8.0,9.59,2021/01/27 01:48,20210126,Put,44.11,51
170,DD,2021/02/19,$3.98M,120.0,80.55,2021/01/27 01:48,20210126,Put,3980.0,23
171,ZYME,2021/02/19,$375.00K,40.0,48.11,2021/01/27 01:45,20210126,Put,375.0,23
172,ZYME,2021/02/19,$937.50K,55.0,48.11,2021/01/27 01:45,20210126,Call,937.5,23
173,ZYME,2021/02/19,$1.07M,65.0,48.11,2021/01/27 01:45,20210126,Call,1070.0,23
174,PBR,2021/03/05,$56.85K,11.5,10.43,2021/01/27 01:45,20210126,Call,56.85,37
175,SRNE,2021/02/12,$45.00K,14.0,10.3,2021/01/27 01:43,20210126,Call,45.0,16
176,NOK,2021/04/16,$304.20K,4.0,4.72,2021/01/27 01:42,20210126,Put,304.2,79
177,GE,2021/03/19,$44.66K,13.0,11.36,2021/01/27 01:42,20210126,Call,44.66,51
178,SBSW,2021/02/19,$17.00K,20.0,15.56,2021/01/27 01:42,20210126,Call,17.0,23
179,SBSW,2021/02/19,$17.00K,12.5,15.56,2021/01/27 01:42,20210126,Put,17.0,23
180,SBSW,2021/02/19,$127.50K,15.0,15.56,2021/01/27 01:42,20210126,Put,127.5,23
181,CRM,2021/02/05,$66.00K,245.0,225.5,2021/01/27 01:41,20210126,Call,66.0,9
182,CRM,2021/02/05,$206.00K,235.0,225.5,2021/01/27 01:41,20210126,Call,206.0,9
183,UNP,2021/03/19,$1.80M,220.0,201.83,2021/01/27 01:41,20210126,Call,1800.0,51
184,PLTR,2021/03/19,$885.00K,33.0,35.35,2021/01/27 01:41,20210126,Put,885.0,51
185,CM,2021/09/17,$193.75K,70.0,87.43,2021/01/27 01:41,20210126,Put,193.75,233
186,NKLA,2021/04/16,$650.93K,25.0,25.5,2021/01/27 01:40,20210126,Call,650.93,79
187,PINS,2021/02/19,$660.00K,68.5,70.2,2021/01/27 01:39,20210126,Put,660.0,23
188,FUBO,2021/02/19,$531.00K,50.0,39.9,2021/01/27 01:37,20210126,Call,531.0,23
189,FUBO,2021/02/19,$2.02M,50.0,39.9,2021/01/27 01:37,20210126,Put,2020.0,23
190,BMY,2021/02/19,$1.10M,62.5,65.09,2021/01/27 01:37,20210126,Call,1100.0,23
191,GSAT,2021/03/19,$30.00K,1.0,1.18,2021/01/27 01:35,20210126,Put,30.0,51
192,PFE,2021/02/05,$52.00K,35.5,37.38,2021/01/27 01:34,20210126,Put,52.0,9
193,LAZR,2021/02/19,$125.00K,55.0,35.52,2021/01/27 01:33,20210126,Call,125.0,23
194,FIZZ,2021/04/16,$1.39M,99.0,119.49,2021/01/27 01:32,20210126,Put,1390.0,79
195,FIZZ,2021/11/19,$4.08M,109.0,119.49,2021/01/27 01:32,20210126,Put,4080.0,296
196,CSCO,2022/01/21,$1.21M,47.5,45.1,2021/01/27 01:28,20210126,Call,1210.0,359
197,EPD,2022/01/21,$63.00K,27.0,21.3,2021/01/27 01:26,20210126,Call,63.0,359
198,NKLA,2021/02/19,$219.75K,35.0,24.76,2021/01/27 01:26,20210126,Call,219.75,23
199,NKLA,2021/03/19,$1.03M,22.5,24.64,2021/01/27 01:26,20210126,Call,1030.0,51
200,CMCSA,2022/01/21,$1000.00K,50.0,49.48,2021/01/27 01:25,20210126,Call,1000.0,359
201,BABA,2021/04/16,$955.00K,235.0,262.49,2021/01/27 01:24,20210126,Put,955.0,79
202,MU,2021/03/19,$7.63M,80.0,80.51,2021/01/27 01:24,20210126,Put,7630.0,51
203,MU,2021/03/19,$8.61M,80.0,80.51,2021/01/27 01:24,20210126,Call,8610.0,51
204,BB,2021/02/05,$325.00K,17.0,17.4,2021/01/27 01:23,20210126,Call,325.0,9
205,MPC,2021/02/19,$267.96K,40.0,45.29,2021/01/27 01:23,20210126,Put,267.96,23
206,PDD,2021/04/16,$2.04M,185.0,175.62,2021/01/27 01:22,20210126,Call,2040.0,79
207,PDD,2021/04/16,$780.00K,240.0,175.62,2021/01/27 01:22,20210126,Call,780.0,79
208,AXTA,2021/02/19,$95.17K,26.0,28.05,2021/01/27 01:21,20210126,Put,95.17,23
209,TEVA,2021/02/19,$105.69K,13.0,12.21,2021/01/27 01:20,20210126,Call,105.69,23
210,LNG,2021/03/19,$2.92M,65.0,61.6,2021/01/27 01:19,20210126,Put,2920.0,51
211,VZ,2021/07/16,$271.78K,57.5,56.61,2021/01/27 01:19,20210126,Call,271.78,170
212,PLTR,2021/02/19,$421.20K,40.0,35.1,2021/01/27 01:19,20210126,Call,421.2,23
213,PLTR,2021/02/19,$1.10M,40.0,35.1,2021/01/27 01:19,20210126,Put,1100.0,23
214,AXTA,2021/04/16,$270.00K,30.0,28.07,2021/01/27 01:19,20210126,Call,270.0,79
215,GE,2022/01/21,$174.00K,12.0,11.24,2021/01/27 01:18,20210126,Call,174.0,359
216,MET,2022/01/21,$326.00K,65.0,50.05,2021/01/27 01:14,20210126,Call,326.0,359
217,NOK,2022/01/21,$194.10K,7.0,4.69,2021/01/27 01:14,20210126,Call,194.1,359
218,CSCO,2022/01/21,$525.00K,47.5,45.1,2021/01/27 01:12,20210126,Call,525.0,359
219,CCX,2021/03/19,$129.78K,10.0,10.51,2021/01/27 01:12,20210126,Call,129.78,51
220,GEO,2021/02/19,$44.57K,7.0,8.22,2021/01/27 01:12,20210126,Put,44.57,23
221,SPG,2021/02/19,$577.50K,100.0,96.78,2021/01/27 01:11,20210126,Call,577.5,23
222,JKS,2021/03/19,$952.20K,80.0,67.32,2021/01/27 01:10,20210126,Call,952.2,51
223,NOK,2021/01/29,$63.19K,5.0,4.68,2021/01/27 01:10,20210126,Put,63.19,2
224,PXD,2021/02/19,$658.50K,120.0,125.48,2021/01/27 01:09,20210126,Put,658.5,23
225,JBLU,2021/02/19,$98.07K,15.0,14.88,2021/01/27 01:08,20210126,Call,98.07,23
226,CCL,2021/02/05,$200.00K,17.0,18.69,2021/01/27 01:07,20210126,Call,200.0,9
227,BBBY,2021/02/05,$51.46K,22.0,31.44,2021/01/27 01:06,20210126,Put,51.46,9
228,GE,2021/02/19,$62.87K,12.5,11.31,2021/01/27 01:06,20210126,Call,62.87,23
229,SQ,2021/03/19,$12.51M,220.0,212.86,2021/01/27 01:05,20210126,Call,12510.0,51
230,SQ,2021/03/19,$17.64M,220.0,212.86,2021/01/27 01:05,20210126,Put,17640.0,51
231,MAC,2021/03/19,$246.57K,20.0,17.28,2021/01/27 01:05,20210126,Call,246.57,51
232,TWTR,2021/02/19,$126.40K,65.0,50.23,2021/01/27 01:04,20210126,Call,126.4,23
233,TWTR,2021/02/19,$361.60K,55.0,50.23,2021/01/27 01:04,20210126,Call,361.6,23
234,MRO,2021/04/16,$44.95K,10.0,7.59,2021/01/27 01:03,20210126,Call,44.95,79
235,IVR,2021/04/16,$100.00K,4.5,4.12,2021/01/27 01:02,20210126,Call,100.0,79
236,MUR,2022/01/21,$183.00K,7.5,12.64,2021/01/27 01:01,20210126,Put,183.0,359
237,GM,2021/02/19,$511.50K,56.0,52.04,2021/01/27 01:01,20210126,Call,511.5,23
238,BBBY,2021/02/05,$155.00K,40.0,30.82,2021/01/27 01:01,20210126,Call,155.0,9
239,AVTR,2021/08/20,$268.00K,27.5,29.81,2021/01/27 01:00,20210126,Put,268.0,205
240,NIO,2021/02/19,$199.25K,80.0,58.66,2021/01/27 00:59,20210126,Call,199.25,23
241,GE,2021/02/19,$21.60K,9.0,11.37,2021/01/27 00:57,20210126,Put,21.6,23
242,OXY,2021/02/19,$62.24K,18.0,20.55,2021/01/27 00:57,20210126,Put,62.24,23
243,MPC,2021/02/19,$1.27M,45.0,45.51,2021/01/27 00:56,20210126,Put,1270.0,23
244,MPC,2021/03/19,$1.27M,45.0,45.51,2021/01/27 00:56,20210126,Put,1270.0,51
245,MPC,2021/02/19,$318.60K,45.0,45.51,2021/01/27 00:56,20210126,Put,318.6,23
246,OXY,2021/02/19,$156.36K,19.0,20.58,2021/01/27 00:56,20210126,Put,156.36,23
247,OXY,2021/02/19,$83.43K,18.0,20.58,2021/01/27 00:56,20210126,Put,83.43,23
248,BMY,2021/02/19,$1.18M,62.5,65.1,2021/01/27 00:56,20210126,Call,1180.0,23
249,PINS,2021/01/29,$82.37K,75.0,69.9,2021/01/27 00:55,20210126,Call,82.37,2
250,IVR,2021/02/19,$124.76K,4.5,4.15,2021/01/27 00:54,20210126,Call,124.76,23
251,IVR,2021/04/16,$189.29K,4.5,4.15,2021/01/27 00:54,20210126,Call,189.29,79
252,NIO,2021/02/19,$247.64K,80.0,58.8,2021/01/27 00:54,20210126,Call,247.64,23
253,PVH,2021/03/19,$295.00K,80.0,91.66,2021/01/27 00:54,20210126,Put,295.0,51
254,PVH,2021/02/19,$700.00K,95.0,91.66,2021/01/27 00:54,20210126,Put,700.0,23
255,PVH,2021/02/19,$250.00K,85.0,91.66,2021/01/27 00:54,20210126,Put,250.0,23
256,PVH,2021/02/19,$430.00K,90.0,91.66,2021/01/27 00:54,20210126,Put,430.0,23
257,AAL,2022/01/21,$202.50K,5.0,15.41,2021/01/27 00:53,20210126,Put,202.5,359
258,AAL,2022/01/21,$185.53K,10.0,15.41,2021/01/27 00:53,20210126,Put,185.53,359
259,AAL,2022/01/21,$189.12K,8.0,15.41,2021/01/27 00:53,20210126,Put,189.12,359
260,PLTR,2021/03/19,$777.57K,34.0,34.59,2021/01/27 00:53,20210126,Put,777.57,51
261,NOK,2021/02/05,$33.55K,7.0,4.67,2021/01/27 00:53,20210126,Call,33.55,9
262,PLTR,2021/03/19,$1.42M,34.0,34.8,2021/01/27 00:52,20210126,Put,1420.0,51
263,MET,2022/01/21,$407.50K,65.0,50.23,2021/01/27 00:51,20210126,Call,407.5,359
264,IRM,2021/04/16,$375.00K,30.0,31.98,2021/01/27 00:49,20210126,Put,375.0,79
265,CVX,2021/06/18,$282.00K,75.0,90.16,2021/01/27 00:49,20210126,Put,282.0,142
266,GSAT,2021/02/19,$15.00K,1.0,1.19,2021/01/27 00:49,20210126,Put,15.0,23
267,DAL,2021/02/05,$188.04K,40.0,39.23,2021/01/27 00:49,20210126,Call,188.04,9
268,FUBO,2021/01/29,$185.88K,43.0,39.49,2021/01/27 00:48,20210126,Call,185.88,2
269,KNDI,2021/06/18,$182.78K,13.0,9.19,2021/01/27 00:47,20210126,Call,182.78,142
270,SPCE,2021/02/19,$324.38K,50.0,41.13,2021/01/27 00:47,20210126,Call,324.38,23
271,KMX,2021/03/19,$329.78K,145.0,127.38,2021/01/27 00:44,20210126,Call,329.78,51
272,NLSN,2021/05/21,$94.48K,18.0,21.72,2021/01/27 00:43,20210126,Put,94.48,114
273,TLRY,2021/06/18,$991.90K,18.0,18.93,2021/01/27 00:42,20210126,Put,991.9,142
274,X,2021/02/19,$335.00K,20.0,18.28,2021/01/27 00:42,20210126,Put,335.0,23
275,XOM,2021/02/19,$755.00K,45.0,46.6,2021/01/27 00:41,20210126,Put,755.0,23
276,XOM,2021/03/19,$1.13M,45.0,46.6,2021/01/27 00:41,20210126,Put,1130.0,51
277,FOLD,2021/03/19,$737.38K,19.0,20.8,2021/01/27 00:40,20210126,Put,737.38,51
278,FOLD,2021/03/19,$95.42K,10.0,20.8,2021/01/27 00:40,20210126,Put,95.42,51
279,FOLD,2021/04/16,$294.95K,30.0,20.79,2021/01/27 00:40,20210126,Call,294.95,79
280,PLUG,2021/01/29,$50.29K,90.0,73.03,2021/01/27 00:40,20210126,Call,50.29,2
281,OGI,2021/06/18,$85.58K,2.5,1.83,2021/01/27 00:39,20210126,Call,85.58,142
282,X,2021/01/29,$12.22K,23.0,18.32,2021/01/27 00:39,20210126,Call,12.22,2
283,DD,2021/02/12,$4.83M,105.0,81.49,2021/01/27 00:39,20210126,Put,4830.0,16
284,EBAY,2022/01/21,$540.00K,65.0,58.34,2021/01/27 00:38,20210126,Call,540.0,359
285,PLUG,2021/03/19,$899.88K,100.0,73.04,2021/01/27 00:38,20210126,Call,899.88,51
286,PLUG,2021/02/19,$962.48K,80.0,73.04,2021/01/27 00:38,20210126,Call,962.48,23
287,XOM,2021/02/19,$370.00K,45.0,46.62,2021/01/27 00:37,20210126,Put,370.0,23
288,IVR,2021/04/16,$481.00K,4.0,4.16,2021/01/27 00:37,20210126,Call,481.0,79
289,QS,2021/02/19,$225.36K,75.0,47.07,2021/01/27 00:36,20210126,Call,225.36,23
290,IRM,2021/04/16,$149.51K,30.0,32.4,2021/01/27 00:35,20210126,Put,149.51,79
291,PLUG,2021/01/29,$254.74K,70.0,72.89,2021/01/27 00:33,20210126,Put,254.74,2
292,ACB,2022/01/21,$378.60K,12.0,10.71,2021/01/27 00:32,20210126,Call,378.6,359
293,RMO,2021/03/19,$342.41K,30.0,20.26,2021/01/27 00:30,20210126,Call,342.41,51
294,HMY,2021/05/21,$96.22K,7.0,4.57,2021/01/27 00:29,20210126,Call,96.22,114
295,NIO,2021/03/19,$778.01K,65.0,59.33,2021/01/27 00:29,20210126,Call,778.01,51
296,CZR,2021/02/26,$228.00K,65.0,77.22,2021/01/27 00:28,20210126,Put,228.0,30
297,RIG,2021/08/20,$80.36K,4.0,2.84,2021/01/27 00:27,20210126,Call,80.36,205
298,RIG,2021/08/20,$144.00K,4.0,2.84,2021/01/27 00:27,20210126,Call,144.0,205
299,RIG,2021/08/20,$127.51K,4.0,2.84,2021/01/27 00:27,20210126,Call,127.51,205
300,RIG,2021/08/20,$54.00K,7.0,2.84,2021/01/27 00:27,20210126,Call,54.0,205
301,RIG,2021/08/20,$130.68K,4.0,2.84,2021/01/27 00:27,20210126,Call,130.68,205
302,RIG,2021/08/20,$51.48K,7.0,2.84,2021/01/27 00:27,20210126,Call,51.48,205
303,RIG,2021/08/20,$50.23K,7.0,2.84,2021/01/27 00:27,20210126,Call,50.23,205
304,AMC,2021/01/29,$60.18K,7.0,4.78,2021/01/27 00:27,20210126,Call,60.18,2
305,PLUG,2021/02/05,$1.56M,69.0,72.41,2021/01/27 00:27,20210126,Call,1560.0,9
306,LVS,2021/06/18,$41.45K,85.0,53.18,2021/01/27 00:26,20210126,Call,41.45,142
307,NOK,2023/01/20,$149.30K,5.0,4.76,2021/01/27 00:26,20210126,Call,149.3,723
308,VZ,2023/01/20,$191.00K,40.0,56.75,2021/01/27 00:25,20210126,Put,191.0,723
309,TDC,2021/04/16,$90.66K,22.5,26.92,2021/01/27 00:25,20210126,Put,90.66,79
310,VIR,2021/02/19,$1.47M,50.0,61.53,2021/01/27 00:24,20210126,Put,1470.0,23
311,VIR,2021/02/19,$72.00K,25.0,61.53,2021/01/27 00:24,20210126,Put,72.0,23
312,SBUX,2021/03/19,$415.00K,105.0,104.07,2021/01/27 00:24,20210126,Call,415.0,51
313,THC,2022/01/21,$6.72M,25.0,50.07,2021/01/27 00:22,20210126,Call,6720.0,359
314,EXPR,2021/04/16,$125.00K,5.0,3.11,2021/01/27 00:22,20210126,Call,125.0,79
315,CCL,2021/02/05,$54.09K,21.0,18.9,2021/01/27 00:22,20210126,Call,54.09,9
316,VFC,2021/01/29,$167.50K,90.0,85.76,2021/01/27 00:22,20210126,Call,167.5,2
317,VFC,2021/01/29,$170.00K,90.0,85.76,2021/01/27 00:22,20210126,Call,170.0,2
318,VFC,2021/01/29,$285.00K,89.0,85.76,2021/01/27 00:22,20210126,Call,285.0,2
319,AAL,2022/01/21,$402.00K,15.0,15.56,2021/01/27 00:21,20210126,Put,402.0,359
320,DISCK,2021/06/18,$4.35M,32.5,34.55,2021/01/27 00:20,20210126,Put,4350.0,142
321,NOK,2021/02/19,$37.84K,9.0,4.73,2021/01/27 00:20,20210126,Call,37.84,23
322,SPCE,2021/02/19,$529.03K,50.0,42.21,2021/01/27 00:20,20210126,Call,529.03,23
323,GOGO,2021/03/19,$627.06K,11.0,14.79,2021/01/27 00:18,20210126,Call,627.06,51
324,SPCE,2021/01/29,$271.95K,49.0,42.31,2021/01/27 00:18,20210126,Call,271.95,2
325,RSI,2021/02/19,$85.00K,30.0,21.01,2021/01/27 00:17,20210126,Call,85.0,23
326,IPOE,2021/07/16,$600.00K,17.5,20.41,2021/01/27 00:16,20210126,Call,600.0,170
327,FCX,2021/03/19,$45.00K,41.0,27.4,2021/01/27 00:15,20210126,Call,45.0,51
328,FCX,2021/03/19,$138.00K,38.0,27.4,2021/01/27 00:15,20210126,Call,138.0,51
329,FCX,2021/03/19,$141.00K,35.0,27.4,2021/01/27 00:15,20210126,Call,141.0,51
330,TRQ,2021/06/18,$170.00K,12.0,10.83,2021/01/27 00:14,20210126,Call,170.0,142
331,BEKE,2021/02/19,$396.18K,60.0,65.34,2021/01/27 00:12,20210126,Put,396.18,23
332,KR,2021/02/19,$210.31K,38.0,36.3,2021/01/27 00:09,20210126,Call,210.31,23
333,KR,2021/02/19,$49.00K,34.0,36.29,2021/01/27 00:09,20210126,Put,49.0,23
334,KR,2021/02/19,$118.64K,38.0,36.26,2021/01/27 00:09,20210126,Call,118.64,23
335,XOM,2021/02/19,$280.50K,45.0,46.45,2021/01/27 00:08,20210126,Call,280.5,23
336,AAL,2021/02/19,$109.62K,16.0,15.56,2021/01/27 00:08,20210126,Call,109.62,23
337,GE,2021/02/19,$61.25K,12.0,11.51,2021/01/27 00:08,20210126,Call,61.25,23
338,NIO,2021/02/19,$620.30K,60.0,59.22,2021/01/27 00:06,20210126,Call,620.3,23
339,IFF,2021/02/19,$63.00K,150.0,115.52,2021/01/27 00:05,20210126,Call,63.0,23
340,IFF,2021/02/19,$5.59M,150.0,115.52,2021/01/27 00:05,20210126,Put,5590.0,23
341,NOK,2023/01/20,$179.40K,5.0,4.81,2021/01/27 00:04,20210126,Call,179.4,723
342,SBUX,2021/01/29,$143.94K,99.0,103.81,2021/01/27 00:04,20210126,Put,143.94,2
343,SLM,2021/03/19,$48.00K,11.0,13.15,2021/01/27 00:04,20210126,Put,48.0,51
344,KTB,2021/02/19,$120.00K,45.0,40.17,2021/01/27 00:02,20210126,Call,120.0,23
345,NKLA,2021/02/19,$123.46K,35.0,23.02,2021/01/27 00:02,20210126,Call,123.46,23
346,PLTR,2021/02/05,$460.00K,33.0,35.49,2021/01/27 00:01,20210126,Call,460.0,9
347,VNE,2021/08/20,$592.50K,24.0,26.1,2021/01/27 00:00,20210126,Put,592.5,205
348,BB,2021/01/29,$628.48K,20.0,18.24,2021/01/26 23:59,20210126,Call,628.48,2
349,SDC,2021/02/05,$320.26K,12.5,14.03,2021/01/26 23:58,20210126,Call,320.26,9
350,NOK,2021/07/16,$125.00K,4.0,4.77,2021/01/26 23:58,20210126,Call,125.0,170
351,NOV,2021/03/05,$45.00K,15.0,12.84,2021/01/26 23:57,20210126,Call,45.0,37
352,SLM,2021/03/19,$49.00K,11.0,13.18,2021/01/26 23:56,20210126,Put,49.0,51
353,EXPE,2021/01/29,$202.04K,137.0,133.53,2021/01/26 23:56,20210126,Call,202.04,2
354,EXPE,2021/02/05,$80.00K,150.0,133.53,2021/01/26 23:56,20210126,Call,80.0,9
355,KHC,2023/01/20,$700.00K,35.0,34.08,2021/01/26 23:56,20210126,Put,700.0,723
356,EXPE,2021/02/05,$309.17K,140.0,133.53,2021/01/26 23:56,20210126,Call,309.17,9
357,LAZR,2021/02/19,$135.00K,55.0,35.89,2021/01/26 23:55,20210126,Call,135.0,23
358,GEO,2021/02/19,$43.38K,7.0,8.19,2021/01/26 23:55,20210126,Put,43.38,23
359,ET,2022/01/21,$180.00K,12.0,6.75,2021/01/26 23:55,20210126,Call,180.0,359
360,PBR,2022/01/21,$212.22K,10.0,10.49,2021/01/26 23:55,20210126,Put,212.22,359
361,GE,2021/01/29,$6.00K,13.0,11.62,2021/01/26 23:54,20210126,Call,6.0,2
362,NOV,2021/03/05,$50.90K,15.0,12.88,2021/01/26 23:54,20210126,Call,50.9,37
363,ET,2022/01/21,$98.64K,12.0,6.84,2021/01/26 23:53,20210126,Call,98.64,359
364,BABA,2021/04/16,$2.67M,270.0,262.98,2021/01/26 23:52,20210126,Call,2670.0,79
365,BABA,2021/04/16,$1.08M,320.0,263.04,2021/01/26 23:52,20210126,Call,1080.0,79
366,KMI,2021/09/17,$53.00K,18.0,15.24,2021/01/26 23:52,20210126,Call,53.0,233
367,SPCE,2021/01/29,$235.00K,49.0,41.17,2021/01/26 23:52,20210126,Call,235.0,2
368,AAL,2021/03/19,$38.00K,10.0,15.59,2021/01/26 23:52,20210126,Put,38.0,51
369,AXTA,2021/04/16,$1.01M,30.0,27.76,2021/01/26 23:51,20210126,Call,1010.0,79
370,CRM,2021/04/16,$915.00K,210.0,226.47,2021/01/26 23:48,20210126,Put,915.0,79
371,RIDE,2021/02/19,$249.44K,30.0,27.58,2021/01/26 23:48,20210126,Call,249.44,23
372,LI,2021/01/29,$84.00K,30.5,33.12,2021/01/26 23:47,20210126,Put,84.0,2
373,KR,2021/02/19,$50.00K,40.0,35.71,2021/01/26 23:46,20210126,Call,50.0,23
374,SLM,2021/03/19,$45.50K,11.0,13.21,2021/01/26 23:46,20210126,Put,45.5,51
375,KR,2021/02/19,$109.00K,36.0,35.71,2021/01/26 23:46,20210126,Call,109.0,23
376,DGLY,2021/02/19,$63.36K,3.0,2.86,2021/01/26 23:45,20210126,Call,63.36,23
377,SPCE,2021/03/19,$648.31K,44.0,40.77,2021/01/26 23:45,20210126,Call,648.31,51
378,VIAC,2021/02/19,$759.68K,45.0,50.24,2021/01/26 23:45,20210126,Put,759.68,23
379,VIAC,2021/02/19,$218.89K,39.0,50.24,2021/01/26 23:45,20210126,Put,218.89,23
380,VIAC,2021/02/19,$118.40K,45.0,50.24,2021/01/26 23:45,20210126,Put,118.4,23
381,IVR,2021/02/19,$40.07K,4.5,4.21,2021/01/26 23:45,20210126,Call,40.07,23
382,GOOG,2021/07/16,$46.40M,1660.0,1911.13,2021/01/26 23:44,20210126,Call,46400.0,170
383,BLNK,2021/02/05,$139.81K,70.0,51.91,2021/01/26 23:44,20210126,Call,139.81,9
384,BLNK,2021/02/05,$289.14K,70.0,51.95,2021/01/26 23:44,20210126,Call,289.14,9
385,BLNK,2021/02/05,$141.52K,70.0,51.95,2021/01/26 23:44,20210126,Call,141.52,9
386,BB,2022/01/21,$1.70M,10.0,18.53,2021/01/26 23:44,20210126,Put,1700.0,359
387,NOK,2023/01/20,$131.57K,7.0,4.87,2021/01/26 23:44,20210126,Call,131.57,723
388,UUUU,2021/07/16,$122.87K,5.0,4.3,2021/01/26 23:43,20210126,Call,122.87,170
389,NYMT,2021/04/16,$274.01K,3.0,4.11,2021/01/26 23:43,20210126,Call,274.01,79
390,NYMT,2021/04/16,$274.89K,3.0,4.11,2021/01/26 23:43,20210126,Call,274.89,79
391,BEKE,2021/04/16,$1.01M,65.0,66.6,2021/01/26 23:42,20210126,Put,1010.0,79
392,OPEN,2021/05/21,$2.93M,35.0,28.71,2021/01/26 23:42,20210126,Put,2930.0,114
393,OPEN,2021/05/21,$793.82K,35.0,28.72,2021/01/26 23:42,20210126,Call,793.82,114
394,AEO,2021/01/29,$128.90K,23.0,23.47,2021/01/26 23:42,20210126,Call,128.9,2
395,GLNG,2021/03/19,$400.00K,10.0,11.19,2021/01/26 23:42,20210126,Call,400.0,51
396,DGLY,2021/02/19,$80.41K,3.0,2.78,2021/01/26 23:41,20210126,Call,80.41,23
397,FOXA,2021/01/29,$80.00K,34.0,33.82,2021/01/26 23:41,20210126,Put,80.0,2
398,BEKE,2021/02/19,$351.00K,60.0,66.59,2021/01/26 23:40,20210126,Put,351.0,23
399,AG,2021/04/16,$577.20K,13.0,14.29,2021/01/26 23:39,20210126,Put,577.2,79
400,SPCE,2021/02/19,$1.16M,50.0,40.49,2021/01/26 23:39,20210126,Call,1160.0,23
401,NYMT,2022/01/21,$68.80K,4.5,4.1,2021/01/26 23:39,20210126,Call,68.8,359
402,SPCE,2021/03/19,$682.00K,45.0,40.38,2021/01/26 23:38,20210126,Call,682.0,51
403,AG,2021/04/16,$212.95K,13.0,14.31,2021/01/26 23:37,20210126,Put,212.95,79
404,NYMT,2021/04/16,$549.56K,3.0,4.1,2021/01/26 23:36,20210126,Call,549.56,79
405,URBN,2021/02/19,$98.95K,33.0,27.37,2021/01/26 23:36,20210126,Call,98.95,23
406,EXPR,2021/04/16,$180.00K,2.0,3.19,2021/01/26 23:36,20210126,Call,180.0,79
407,DD,2021/02/12,$52.25K,105.0,80.76,2021/01/26 23:35,20210126,Call,52.25,16
408,DD,2021/02/12,$11.47M,105.0,80.77,2021/01/26 23:35,20210126,Put,11470.0,16
409,DD,2021/02/12,$2.42M,105.0,80.76,2021/01/26 23:34,20210126,Put,2420.0,16
410,WOOF,2021/06/18,$1.35M,22.5,27.37,2021/01/26 23:34,20210126,Put,1350.0,142
411,IRM,2021/04/16,$148.28K,30.0,32.36,2021/01/26 23:34,20210126,Put,148.28,79
412,LLY,2021/03/19,$645.00K,230.0,212.02,2021/01/26 23:33,20210126,Call,645.0,51
413,LLY,2021/02/19,$106.00K,190.0,212.02,2021/01/26 23:33,20210126,Put,106.0,23
414,LLY,2021/03/19,$1.31M,210.0,212.02,2021/01/26 23:33,20210126,Call,1310.0,51
415,DD,2021/02/19,$2.46M,105.0,80.81,2021/01/26 23:32,20210126,Put,2460.0,23
416,ERIC,2021/05/21,$65.34K,15.0,12.12,2021/01/26 23:32,20210126,Call,65.34,114
417,SOLO,2021/02/19,$120.95K,8.5,8.28,2021/01/26 23:32,20210126,Call,120.95,23
418,DD,2021/02/19,$3.95M,120.0,80.81,2021/01/26 23:32,20210126,Put,3950.0,23
419,FCX,2021/02/19,$43.81K,24.0,27.53,2021/01/26 23:32,20210126,Put,43.81,23
420,WKHS,2021/02/05,$387.31K,30.0,30.88,2021/01/26 23:31,20210126,Call,387.31,9
421,RTX,2021/03/19,$453.68K,75.0,68.72,2021/01/26 23:31,20210126,Call,453.68,51
422,WKHS,2021/02/05,$386.46K,30.0,30.92,2021/01/26 23:31,20210126,Call,386.46,9
423,MITT,2021/02/19,$120.62K,4.0,3.97,2021/01/26 23:31,20210126,Call,120.62,23
424,GFI,2021/07/16,$81.81K,12.0,9.75,2021/01/26 23:30,20210126,Call,81.81,170
425,GE,2022/01/21,$44.95K,22.0,11.63,2021/01/26 23:30,20210126,Call,44.95,359
426,BBBY,2021/01/29,$485.94K,30.0,30.32,2021/01/26 23:30,20210126,Call,485.94,2
427,QSR,2021/02/19,$262.50K,62.5,58.69,2021/01/26 23:29,20210126,Call,262.5,23
428,QSR,2021/02/19,$332.50K,55.0,58.69,2021/01/26 23:29,20210126,Put,332.5,23
429,QSR,2021/02/19,$87.50K,70.0,58.69,2021/01/26 23:29,20210126,Call,87.5,23
430,RTX,2021/03/19,$225.26K,75.0,69.11,2021/01/26 23:29,20210126,Call,225.26,51
431,LYFT,2021/04/16,$660.24K,50.0,47.73,2021/01/26 23:27,20210126,Put,660.24,79
432,TWTR,2021/02/19,$130.50K,65.0,50.4,2021/01/26 23:27,20210126,Call,130.5,23
433,TWTR,2021/02/19,$720.00K,55.0,50.4,2021/01/26 23:27,20210126,Call,720.0,23
434,LI,2021/01/29,$79.52K,35.5,33.13,2021/01/26 23:27,20210126,Call,79.52,2
435,CHEF,2021/04/16,$261.45K,35.0,30.02,2021/01/26 23:26,20210126,Call,261.45,79
436,CHEF,2021/04/16,$133.63K,40.0,30.02,2021/01/26 23:26,20210126,Call,133.63,79
437,XPEV,2021/10/15,$1.32M,50.0,55.64,2021/01/26 23:26,20210126,Put,1320.0,261
438,NOK,2022/01/21,$118.00K,10.0,4.88,2021/01/26 23:26,20210126,Call,118.0,359
439,DKNG,2021/01/29,$52.45K,60.0,55.53,2021/01/26 23:26,20210126,Call,52.45,2
440,BLNK,2021/02/19,$445.00K,47.0,53.29,2021/01/26 23:25,20210126,Put,445.0,23
441,BLNK,2021/02/19,$802.00K,54.0,53.29,2021/01/26 23:25,20210126,Put,802.0,23
442,GE,2021/02/05,$138.46K,12.0,11.59,2021/01/26 23:24,20210126,Call,138.46,9
443,GE,2021/01/29,$74.17K,12.0,11.59,2021/01/26 23:24,20210126,Call,74.17,2
444,PBR,2021/03/19,$112.35K,11.0,10.52,2021/01/26 23:23,20210126,Put,112.35,51
445,NOK,2022/01/21,$172.72K,4.0,4.92,2021/01/26 23:23,20210126,Call,172.72,359
446,NOK,2023/01/20,$120.00K,7.0,4.92,2021/01/26 23:23,20210126,Call,120.0,723
447,NOK,2022/01/21,$89.39K,4.0,4.92,2021/01/26 23:23,20210126,Put,89.39,359
448,AGI,2021/09/17,$861.00K,10.0,8.1,2021/01/26 23:22,20210126,Call,861.0,233
449,NOK,2022/01/21,$134.00K,10.0,4.92,2021/01/26 23:22,20210126,Call,134.0,359
450,LMND,2021/02/26,$620.00K,230.0,156.28,2021/01/26 23:21,20210126,Call,620.0,30
451,PEIX,2021/04/16,$90.00K,10.0,7.58,2021/01/26 23:20,20210126,Call,90.0,79
452,GE,2021/01/29,$47.05K,11.5,11.61,2021/01/26 23:19,20210126,Call,47.05,2
453,DD,2021/02/12,$194.75K,105.0,80.98,2021/01/26 23:19,20210126,Call,194.75,16
454,DD,2021/02/12,$11.61M,105.0,80.98,2021/01/26 23:19,20210126,Put,11610.0,16
455,DD,2021/02/19,$66.50K,105.0,80.98,2021/01/26 23:19,20210126,Call,66.5,23
456,DD,2021/02/19,$11.49M,105.0,80.98,2021/01/26 23:19,20210126,Put,11490.0,23
457,NIO,2021/08/20,$1.35M,55.0,59.14,2021/01/26 23:19,20210126,Put,1350.0,205
458,PBR,2021/02/19,$46.40K,11.0,10.57,2021/01/26 23:18,20210126,Call,46.4,23
459,HOG,2021/02/19,$1.25M,34.0,40.72,2021/01/26 23:18,20210126,Call,1250.0,23
460,UBER,2021/02/05,$164.16K,55.0,54.2,2021/01/26 23:18,20210126,Call,164.16,9
461,GILD,2021/08/20,$310.00K,60.0,67.4,2021/01/26 23:18,20210126,Put,310.0,205
462,PBR,2021/03/19,$107.06K,11.0,10.55,2021/01/26 23:18,20210126,Put,107.06,51
463,PBR,2021/03/19,$106.85K,11.0,10.54,2021/01/26 23:17,20210126,Put,106.85,51
464,PBR,2021/03/19,$106.11K,11.0,10.53,2021/01/26 23:17,20210126,Put,106.11,51
465,BYND,2021/03/05,$1.47M,145.0,198.75,2021/01/26 23:17,20210126,Put,1470.0,37
466,PBR,2021/03/19,$119.27K,11.0,10.53,2021/01/26 23:17,20210126,Put,119.27,51
467,CGC,2021/04/16,$347.82K,40.0,34.97,2021/01/26 23:17,20210126,Call,347.82,79
468,NIO,2021/04/16,$455.00K,85.0,59.49,2021/01/26 23:16,20210126,Call,455.0,79
469,NIO,2021/04/16,$905.00K,65.0,59.49,2021/01/26 23:16,20210126,Call,905.0,79
470,NOK,2022/01/21,$116.99K,7.0,4.91,2021/01/26 23:16,20210126,Call,116.99,359
471,NOK,2022/01/21,$148.65K,5.0,4.9,2021/01/26 23:16,20210126,Call,148.65,359
472,NTNX,2022/01/21,$640.90K,37.5,32.87,2021/01/26 23:16,20210126,Call,640.9,359
473,BBBY,2021/02/19,$474.00K,26.0,31.11,2021/01/26 23:16,20210126,Put,474.0,23
474,NOK,2023/01/20,$121.48K,7.0,4.88,2021/01/26 23:15,20210126,Call,121.48,723
475,M,2021/03/19,$76.00K,12.0,14.31,2021/01/26 23:15,20210126,Put,76.0,51
476,M,2021/03/19,$78.00K,12.0,14.3,2021/01/26 23:14,20210126,Put,78.0,51
477,VALE,2022/01/21,$69.36K,30.0,17.34,2021/01/26 23:14,20210126,Call,69.36,359
478,MITT,2021/02/19,$58.58K,4.0,3.92,2021/01/26 23:13,20210126,Call,58.58,23
479,NOK,2022/01/21,$74.06K,4.0,4.96,2021/01/26 23:13,20210126,Put,74.06,359
480,HPE,2021/02/19,$25.80K,11.0,12.32,2021/01/26 23:12,20210126,Put,25.8,23
481,SBUX,2021/06/18,$57.75K,67.5,103.55,2021/01/26 23:12,20210126,Put,57.75,142
482,MITT,2021/02/19,$42.19K,4.0,3.94,2021/01/26 23:12,20210126,Call,42.19,23
483,CGC,2021/04/16,$680.00K,40.0,35.07,2021/01/26 23:12,20210126,Call,680.0,79
484,MITT,2021/02/19,$41.16K,4.0,3.89,2021/01/26 23:12,20210126,Call,41.16,23
485,ABBV,2021/02/19,$1.53M,105.0,110.26,2021/01/26 23:12,20210126,Call,1530.0,23
486,GD,2021/08/20,$224.00K,185.0,152.71,2021/01/26 23:12,20210126,Call,224.0,205
487,EXPR,2021/02/19,$119.59K,4.0,3.16,2021/01/26 23:11,20210126,Call,119.59,23
488,LGF/A,2021/03/19,$134.55K,17.0,14.75,2021/01/26 23:10,20210126,Call,134.55,51
489,CGC,2021/04/16,$542.64K,40.0,35.38,2021/01/26 23:10,20210126,Call,542.64,79
490,MITT,2021/02/19,$45.07K,4.0,3.6,2021/01/26 23:10,20210126,Call,45.07,23
491,MITT,2021/02/19,$53.19K,4.0,3.62,2021/01/26 23:10,20210126,Call,53.19,23
492,EXC,2021/07/16,$540.00K,45.0,42.88,2021/01/26 23:08,20210126,Call,540.0,170
493,JPM,2022/01/21,$1.67M,115.0,132.45,2021/01/26 23:08,20210126,Put,1670.0,359
494,JD,2021/02/19,$500.00K,85.0,97.08,2021/01/26 23:08,20210126,Put,500.0,23
495,BMY,2021/02/19,$962.50K,62.5,65.43,2021/01/26 23:08,20210126,Call,962.5,23
496,ELAN,2021/02/19,$148.75K,27.0,29.7,2021/01/26 23:07,20210126,Put,148.75,23
497,MU,2021/02/19,$208.42K,87.0,80.95,2021/01/26 23:07,20210126,Call,208.42,23
498,FE,2021/04/16,$280.00K,30.0,31.83,2021/01/26 23:06,20210126,Put,280.0,79
499,VNO,2021/03/19,$373.75K,35.0,39.63,2021/01/26 23:06,20210126,Put,373.75,51
500,VNO,2021/03/19,$104.00K,30.0,39.63,2021/01/26 23:06,20210126,Put,104.0,51
501,BBBY,2021/05/21,$507.00K,19.0,32.41,2021/01/26 23:04,20210126,Put,507.0,114
502,BBBY,2021/05/21,$306.00K,19.0,32.41,2021/01/26 23:04,20210126,Put,306.0,114
503,BBBY,2021/05/21,$888.00K,24.0,32.41,2021/01/26 23:04,20210126,Put,888.0,114
504,NOK,2021/03/19,$124.00K,4.0,4.89,2021/01/26 23:04,20210126,Call,124.0,51
505,MITT,2021/02/19,$36.28K,4.0,3.5,2021/01/26 23:04,20210126,Call,36.28,23
506,GE,2021/02/05,$427.80K,12.0,11.76,2021/01/26 23:04,20210126,Call,427.8,9
507,GE,2021/01/29,$524.40K,11.5,11.76,2021/01/26 23:04,20210126,Call,524.4,2
508,ATNX,2021/02/19,$204.20K,12.5,13.65,2021/01/26 23:03,20210126,Call,204.2,23
509,NOK,2021/04/16,$58.76K,7.0,4.91,2021/01/26 23:02,20210126,Call,58.76,79
510,DKNG,2021/03/19,$564.63K,65.0,55.96,2021/01/26 23:02,20210126,Call,564.63,51
511,GE,2021/03/19,$49.57K,13.0,11.66,2021/01/26 23:01,20210126,Call,49.57,51
512,IRM,2021/04/16,$744.95K,30.0,32.36,2021/01/26 23:00,20210126,Put,744.95,79
513,NOK,2021/07/16,$66.00K,4.0,4.92,2021/01/26 23:00,20210126,Put,66.0,170
514,NOK,2021/07/16,$207.84K,4.0,4.92,2021/01/26 23:00,20210126,Call,207.84,170
515,BHC,2021/01/29,$67.09K,27.5,27.18,2021/01/26 23:00,20210126,Call,67.09,2
516,WKHS,2021/01/29,$218.45K,32.0,29.67,2021/01/26 22:59,20210126,Call,218.45,2
517,VFF,2021/02/19,$70.00K,16.0,12.98,2021/01/26 22:59,20210126,Call,70.0,23
518,CTSH,2021/07/16,$2.10M,90.0,80.01,2021/01/26 22:58,20210126,Call,2100.0,170
519,CTSH,2021/03/19,$1.35M,80.0,80.01,2021/01/26 22:58,20210126,Call,1350.0,51
520,EXPE,2021/03/19,$793.83K,120.0,135.38,2021/01/26 22:58,20210126,Put,793.83,51
521,EXPE,2021/03/19,$895.17K,150.0,135.38,2021/01/26 22:58,20210126,Call,895.17,51
522,FIZZ,2021/03/19,$1.63M,100.0,116.99,2021/01/26 22:57,20210126,Put,1630.0,51
523,FIZZ,2021/03/19,$840.00K,90.0,116.99,2021/01/26 22:57,20210126,Put,840.0,51
524,NOK,2022/01/21,$126.84K,7.0,4.92,2021/01/26 22:57,20210126,Call,126.84,359
525,TXN,2021/01/29,$17.22K,190.0,172.68,2021/01/26 22:57,20210126,Call,17.22,2
526,TXN,2021/01/29,$630.83K,175.0,172.68,2021/01/26 22:57,20210126,Call,630.83,2
527,BBBY,2021/01/29,$214.29K,36.0,32.37,2021/01/26 22:56,20210126,Call,214.29,2
528,MU,2021/02/19,$161.53K,87.0,80.57,2021/01/26 22:55,20210126,Call,161.53,23
529,TJX,2021/03/19,$442.06K,72.5,65.19,2021/01/26 22:55,20210126,Call,442.06,51
530,BHC,2021/01/29,$55.10K,27.5,27.27,2021/01/26 22:55,20210126,Call,55.1,2
531,NOK,2021/06/18,$203.00K,6.0,4.94,2021/01/26 22:55,20210126,Put,203.0,142
532,CLF,2021/02/19,$292.00K,14.0,16.66,2021/01/26 22:55,20210126,Call,292.0,23
533,CLF,2021/02/19,$491.14K,14.0,16.67,2021/01/26 22:55,20210126,Call,491.14,23
534,PLTR,2021/02/19,$570.86K,35.0,36.77,2021/01/26 22:54,20210126,Put,570.86,23
535,PLTR,2021/02/19,$380.05K,32.0,36.7,2021/01/26 22:53,20210126,Put,380.05,23
536,PLTR,2021/02/19,$591.73K,35.0,36.63,2021/01/26 22:52,20210126,Put,591.73,23
537,NCNO,2021/08/20,$999.60K,60.0,76.41,2021/01/26 22:52,20210126,Put,999.6,205
538,NOK,2021/02/19,$40.41K,8.0,4.95,2021/01/26 22:52,20210126,Call,40.41,23
539,NOK,2021/07/16,$165.00K,4.0,4.94,2021/01/26 22:52,20210126,Call,165.0,170
540,PLTR,2021/02/19,$284.97K,30.0,36.21,2021/01/26 22:52,20210126,Put,284.97,23
541,NOK,2021/02/19,$45.21K,8.0,4.94,2021/01/26 22:52,20210126,Call,45.21,23
542,NOK,2021/03/19,$133.00K,4.0,4.92,2021/01/26 22:51,20210126,Call,133.0,51
543,NOK,2021/02/19,$50.00K,7.0,4.91,2021/01/26 22:50,20210126,Call,50.0,23
544,VALE,2021/03/19,$45.45K,20.0,17.32,2021/01/26 22:49,20210126,Call,45.45,51
545,MBI,2021/02/19,$28.63K,9.0,7.39,2021/01/26 22:49,20210126,Call,28.63,23
546,PLTR,2021/02/19,$381.44K,32.0,36.22,2021/01/26 22:49,20210126,Put,381.44,23
547,ELY,2021/02/19,$375.00K,31.0,28.81,2021/01/26 22:49,20210126,Call,375.0,23
548,PLTR,2021/02/19,$583.68K,35.0,36.14,2021/01/26 22:48,20210126,Put,583.68,23
549,PBR,2021/03/19,$588.00K,10.0,10.39,2021/01/26 22:48,20210126,Call,588.0,51
550,TWTR,2021/02/05,$25.36K,40.0,49.42,2021/01/26 22:46,20210126,Put,25.36,9
551,EXPR,2021/02/19,$120.61K,5.0,3.09,2021/01/26 22:46,20210126,Call,120.61,23
552,PLTR,2021/02/19,$592.90K,35.0,35.91,2021/01/26 22:46,20210126,Put,592.9,23
553,BBBY,2021/01/29,$203.94K,34.0,31.52,2021/01/26 22:46,20210126,Call,203.94,2
554,AMC,2021/03/19,$213.00K,5.5,5.0,2021/01/26 22:46,20210126,Call,213.0,51
555,AMC,2021/03/19,$158.00K,10.0,5.0,2021/01/26 22:46,20210126,Call,158.0,51
556,AMC,2021/03/19,$212.00K,5.5,4.99,2021/01/26 22:46,20210126,Call,212.0,51
557,AMC,2021/03/19,$157.00K,10.0,4.99,2021/01/26 22:46,20210126,Call,157.0,51
558,PLTR,2021/02/19,$371.58K,32.0,35.82,2021/01/26 22:46,20210126,Put,371.58,23
559,PLTR,2021/02/19,$293.76K,30.0,35.82,2021/01/26 22:46,20210126,Put,293.76,23
560,SKT,2021/03/19,$163.80K,16.0,13.61,2021/01/26 22:45,20210126,Call,163.8,51
561,LI,2021/02/19,$2.77M,36.0,32.82,2021/01/26 22:45,20210126,Put,2770.0,23
562,IFF,2021/02/19,$3.51M,150.0,115.81,2021/01/26 22:45,20210126,Put,3510.0,23
563,BBBY,2021/01/29,$171.60K,34.0,30.23,2021/01/26 22:45,20210126,Call,171.6,2
564,NOK,2021/02/19,$213.00K,6.5,5.02,2021/01/26 22:44,20210126,Put,213.0,23
565,CCL,2021/02/05,$72.85K,21.0,19.19,2021/01/26 22:44,20210126,Call,72.85,9
566,ETSY,2021/02/19,$1.23M,220.0,213.45,2021/01/26 22:44,20210126,Call,1230.0,23
567,MRNA,2021/02/05,$1.05M,145.0,148.3,2021/01/26 22:44,20210126,Call,1050.0,9
568,MRNA,2021/02/05,$407.00K,165.0,148.3,2021/01/26 22:44,20210126,Call,407.0,9
569,PLTR,2021/03/19,$360.00K,24.0,35.27,2021/01/26 22:43,20210126,Put,360.0,51
570,PLTR,2021/03/19,$680.00K,28.0,35.27,2021/01/26 22:43,20210126,Put,680.0,51
571,CCL,2021/01/29,$40.00K,21.0,19.17,2021/01/26 22:43,20210126,Call,40.0,2
572,GE,2021/01/29,$12.71K,13.0,11.74,2021/01/26 22:43,20210126,Call,12.71,2
573,PLTR,2021/02/19,$260.30K,30.0,35.17,2021/01/26 22:43,20210126,Put,260.3,23
574,NKLA,2021/01/29,$117.61K,25.0,22.63,2021/01/26 22:42,20210126,Call,117.61,2
575,NOK,2021/01/29,$56.99K,5.0,4.97,2021/01/26 22:42,20210126,Call,56.99,2
576,CPRI,2021/01/29,$48.19K,45.0,43.45,2021/01/26 22:41,20210126,Call,48.19,2
577,SKT,2021/03/19,$275.44K,12.0,13.72,2021/01/26 22:41,20210126,Put,275.44,51
578,JD,2021/02/19,$383.36K,100.0,96.73,2021/01/26 22:40,20210126,Call,383.36,23
579,ADT,2021/02/19,$279.11K,10.0,8.89,2021/01/26 22:40,20210126,Put,279.11,23
580,AMC,2021/01/29,$92.31K,4.5,4.85,2021/01/26 22:39,20210126,Call,92.31,2
581,AMC,2021/02/05,$103.17K,7.0,4.85,2021/01/26 22:39,20210126,Call,103.17,9
582,DKNG,2021/01/29,$42.97K,60.0,54.26,2021/01/26 22:39,20210126,Call,42.97,2
583,GE,2022/01/21,$573.50K,10.0,11.89,2021/01/26 22:39,20210126,Call,573.5,359
584,AG,2021/04/16,$373.52K,13.0,14.08,2021/01/26 22:39,20210126,Put,373.52,79
585,CGC,2021/02/19,$494.55K,35.0,34.68,2021/01/26 22:39,20210126,Put,494.55,23
586,CCL,2022/01/21,$568.58K,15.0,19.29,2021/01/26 22:38,20210126,Put,568.58,359
587,EXPR,2021/02/19,$67.08K,6.0,3.14,2021/01/26 22:37,20210126,Call,67.08,23
588,INSG,2021/09/17,$574.03K,20.0,20.15,2021/01/26 22:37,20210126,Put,574.03,233
589,JD,2021/02/19,$686.58K,95.0,96.69,2021/01/26 22:37,20210126,Call,686.58,23
590,INSG,2021/09/17,$766.40K,17.5,20.08,2021/01/26 22:37,20210126,Put,766.4,233
591,JMIA,2021/02/05,$695.31K,60.0,60.67,2021/01/26 22:36,20210126,Put,695.31,9
592,INSG,2021/09/17,$604.45K,15.0,20.19,2021/01/26 22:35,20210126,Put,604.45,233
593,SWN,2022/01/21,$90.00K,4.0,3.48,2021/01/26 22:35,20210126,Call,90.0,359
594,MAC,2021/03/19,$223.50K,13.0,17.52,2021/01/26 22:35,20210126,Put,223.5,51
595,GE,2021/03/19,$110.60K,12.0,12.18,2021/01/26 22:35,20210126,Call,110.6,51
596,GE,2021/03/19,$234.81K,12.0,12.18,2021/01/26 22:35,20210126,Call,234.81,51
597,GE,2021/02/05,$106.11K,12.0,12.19,2021/01/26 22:34,20210126,Call,106.11,9
598,MAC,2021/03/19,$236.12K,14.0,17.32,2021/01/26 22:34,20210126,Put,236.12,51
599,GE,2021/03/19,$424.67K,13.0,12.2,2021/01/26 22:34,20210126,Call,424.67,51
600,NOK,2021/03/19,$275.54K,5.0,5.12,2021/01/26 22:34,20210126,Call,275.54,51
601,NOK,2021/02/19,$103.58K,6.0,5.12,2021/01/26 22:34,20210126,Call,103.58,23
602,AAL,2021/02/19,$210.00K,14.0,15.65,2021/01/26 22:34,20210126,Call,210.0,23
603,NOK,2021/04/16,$90.00K,7.0,5.13,2021/01/26 22:34,20210126,Call,90.0,79
604,NOK,2021/06/18,$64.00K,4.0,5.13,2021/01/26 22:34,20210126,Put,64.0,142
605,OXY,2021/01/29,$69.66K,23.0,22.32,2021/01/26 22:34,20210126,Call,69.66,2
606,CCL,2021/01/29,$64.00K,21.0,19.33,2021/01/26 22:33,20210126,Call,64.0,2
607,NOK,2021/02/19,$112.29K,9.0,5.1,2021/01/26 22:33,20210126,Call,112.29,23
608,PLTR,2021/03/19,$2.09M,33.0,35.25,2021/01/26 22:33,20210126,Put,2090.0,51
609,NOK,2021/02/19,$138.32K,9.0,5.17,2021/01/26 22:33,20210126,Call,138.32,23
610,INSG,2021/09/17,$309.10K,15.0,20.28,2021/01/26 22:32,20210126,Put,309.1,233
611,SNAP,2021/02/19,$73.48K,80.0,54.06,2021/01/26 22:32,20210126,Call,73.48,23
612,CCL,2021/02/05,$209.51K,19.0,19.23,2021/01/26 22:32,20210126,Call,209.51,9
613,CCL,2021/01/29,$133.14K,19.0,19.23,2021/01/26 22:32,20210126,Call,133.14,2
614,NOK,2021/02/19,$113.89K,9.0,5.17,2021/01/26 22:32,20210126,Call,113.89,23
615,MGM,2021/01/29,$49.47K,31.0,30.08,2021/01/26 22:32,20210126,Call,49.47,2
616,NOK,2021/02/19,$108.53K,9.0,5.21,2021/01/26 22:32,20210126,Call,108.53,23
617,NOK,2021/02/19,$67.49K,9.0,5.25,2021/01/26 22:31,20210126,Call,67.49,23
618,VIAC,2021/03/19,$599.76K,50.0,48.96,2021/01/26 22:31,20210126,Put,599.76,51
619,LUV,2021/02/05,$42.37K,51.0,45.88,2021/01/26 22:30,20210126,Call,42.37,9
620,CCL,2021/01/29,$69.44K,20.0,19.21,2021/01/26 22:30,20210126,Call,69.44,2
621,IQ,2021/01/29,$43.23K,22.0,20.75,2021/01/26 22:30,20210126,Call,43.23,2
622,NOK,2021/02/19,$110.19K,9.0,5.18,2021/01/26 22:30,20210126,Call,110.19,23
623,CCL,2021/01/29,$54.60K,20.0,19.35,2021/01/26 22:30,20210126,Call,54.6,2
624,VZ,2021/02/05,$529.46K,59.0,56.67,2021/01/26 22:30,20210126,Put,529.46,9
625,FSLR,2021/09/17,$2.33M,120.0,108.65,2021/01/26 22:30,20210126,Call,2330.0,233
626,DDOG,2021/07/16,$1.30M,130.0,108.62,2021/01/26 22:30,20210126,Call,1300.0,170
