,Symbol,Expiration,Size,Strike,Spot,Received,Type,Cap,diff
0,GME,2021/03/19,$6.03M,39.0,38.03,2021/01/15 04:29,Put,6030.0,60
1,GME,2021/02/19,$1.25M,34.0,37.96,2021/01/15 04:24,Put,1250.0,32
2,UBER,2021/01/29,$115.66K,65.0,56.9,2021/01/15 04:24,Call,115.66,11
3,ET,2021/01/15,$196.26K,7.0,7.13,2021/01/15 04:23,Call,196.26,-3
4,SPR,2021/07/16,$970.51K,50.0,40.28,2021/01/15 04:22,Call,970.51,179
5,ET,2021/01/15,$30.38K,7.0,7.14,2021/01/15 04:21,Call,30.38,-3
6,UBER,2021/02/19,$920.70K,55.0,57.08,2021/01/15 04:18,Put,920.7,32
7,UBER,2021/02/19,$448.47K,65.0,57.08,2021/01/15 04:18,Call,448.47,32
8,PLTR,2021/02/19,$319.00K,31.0,25.09,2021/01/15 04:17,Call,319.0,32
9,FCX,2021/02/19,$386.23K,30.0,32.16,2021/01/15 04:17,Put,386.23,32
10,PLTR,2021/02/19,$374.00K,22.0,25.1,2021/01/15 04:17,Put,374.0,32
11,DKNG,2021/01/22,$203.25K,60.0,54.87,2021/01/15 04:16,Call,203.25,4
12,BABA,2021/02/19,$721.61K,275.0,245.26,2021/01/15 04:15,Call,721.61,32
13,BBBY,2021/02/19,$810.00K,27.0,27.21,2021/01/15 04:14,Put,810.0,32
14,FCX,2021/03/19,$578.79K,32.0,32.34,2021/01/15 04:07,Call,578.79,60
15,OXY,2021/01/15,$21.00K,23.0,24.39,2021/01/15 04:07,Put,21.0,-3
16,V,2021/09/17,$3.86M,200.0,202.37,2021/01/15 04:01,Call,3860.0,242
17,LI,2021/02/19,$312.00K,29.0,34.96,2021/01/15 03:59,Put,312.0,32
18,LI,2021/03/19,$1.35M,34.0,34.96,2021/01/15 03:58,Put,1350.0,60
19,XPEV,2021/02/19,$318.40K,40.0,50.72,2021/01/15 03:58,Put,318.4,32
20,XPEV,2021/04/16,$1.12M,45.0,50.78,2021/01/15 03:57,Put,1120.0,88
21,C,2021/03/19,$7.90M,55.0,69.18,2021/01/15 03:56,Call,7900.0,60
22,SNAP,2021/01/29,$197.06K,56.0,49.55,2021/01/15 03:49,Call,197.06,11
23,EXC,2021/07/16,$381.00K,47.0,42.82,2021/01/15 03:48,Call,381.0,179
24,DAL,2021/01/15,$31.82K,43.0,41.92,2021/01/15 03:47,Call,31.82,-3
25,NIU,2021/02/19,$630.00K,35.0,40.05,2021/01/15 03:44,Put,630.0,32
26,NIU,2021/03/19,$1.07M,40.0,40.28,2021/01/15 03:44,Put,1070.0,60
27,FNF,2021/03/19,$221.63K,41.0,39.42,2021/01/15 03:44,Call,221.63,60
28,KO,2022/01/21,$830.00K,47.5,49.35,2021/01/15 03:41,Put,830.0,368
29,FUBO,2021/01/15,$45.29K,32.5,36.56,2021/01/15 03:41,Put,45.29,-3
30,PLTR,2021/02/19,$435.00K,31.0,25.12,2021/01/15 03:39,Call,435.0,32
31,PLTR,2021/02/19,$510.00K,22.0,25.12,2021/01/15 03:39,Put,510.0,32
32,LB,2021/01/15,$98.44K,45.0,45.59,2021/01/15 03:36,Put,98.44,-3
33,MS,2023/01/20,$1.79M,60.0,76.67,2021/01/15 03:36,Put,1790.0,732
34,MS,2022/01/21,$990.00K,60.0,76.67,2021/01/15 03:36,Put,990.0,368
35,Z,2023/01/20,$4.65M,130.0,142.76,2021/01/15 03:34,Put,4650.0,732
36,LB,2021/03/19,$1.78M,45.0,45.81,2021/01/15 03:33,Call,1780.0,60
37,LB,2021/01/15,$2.55M,32.5,45.81,2021/01/15 03:33,Call,2550.0,-3
38,TEVA,2021/02/19,$98.75K,13.0,11.57,2021/01/15 03:30,Call,98.75,32
39,VALE,2021/01/22,$32.85K,20.0,18.79,2021/01/15 03:29,Call,32.85,4
40,BBBY,2021/02/19,$364.08K,21.0,27.09,2021/01/15 03:28,Put,364.08,32
41,BBBY,2021/03/19,$1.42M,26.0,27.09,2021/01/15 03:28,Put,1420.0,60
42,IBN,2022/01/21,$147.13K,12.0,15.13,2021/01/15 03:23,Put,147.13,368
43,FSLR,2022/01/21,$1.88M,92.5,107.88,2021/01/15 03:22,Put,1880.0,368
44,PLTR,2021/03/19,$633.02K,24.0,24.99,2021/01/15 03:20,Put,633.02,60
45,Z,2022/01/21,$4.60M,130.0,142.35,2021/01/15 03:17,Put,4600.0,368
46,BBBY,2021/01/15,$32.67K,25.0,27.72,2021/01/15 03:17,Put,32.67,-3
47,PFE,2021/02/19,$44.30K,41.0,36.93,2021/01/15 03:16,Call,44.3,32
48,CSCO,2021/02/19,$47.63K,50.0,45.33,2021/01/15 03:16,Call,47.63,32
49,CSCO,2021/06/18,$478.00K,47.0,45.31,2021/01/15 03:09,Call,478.0,151
50,BABA,2021/03/19,$2.29M,250.0,244.83,2021/01/15 03:06,Call,2290.0,60
51,BABA,2021/03/19,$3.06M,250.0,244.83,2021/01/15 03:06,Put,3060.0,60
52,TAP,2021/02/19,$534.50K,50.0,53.34,2021/01/15 03:02,Put,534.5,32
53,PBR,2021/01/15,$182.00K,12.0,11.5,2021/01/15 02:57,Put,182.0,-3
54,PBR,2021/01/15,$156.00K,12.0,11.5,2021/01/15 02:56,Put,156.0,-3
55,DAL,2021/01/29,$660.00K,38.0,42.08,2021/01/15 02:55,Call,660.0,11
56,DAL,2021/01/29,$538.50K,39.0,42.08,2021/01/15 02:55,Call,538.5,11
57,CSCO,2021/06/18,$956.00K,47.0,45.36,2021/01/15 02:54,Call,956.0,151
58,PFE,2021/01/15,$117.57K,39.0,36.95,2021/01/15 02:50,Call,117.57,-3
59,KR,2021/01/15,$23.82K,34.0,33.26,2021/01/15 02:48,Call,23.82,-3
60,KR,2021/01/15,$113.13K,33.0,33.26,2021/01/15 02:48,Call,113.13,-3
61,FUBO,2021/01/15,$179.52K,36.0,34.36,2021/01/15 02:47,Call,179.52,-3
62,AAL,2021/03/19,$495.00K,15.0,16.45,2021/01/15 02:45,Put,495.0,60
63,PBR,2021/01/15,$520.00K,12.0,11.54,2021/01/15 02:44,Put,520.0,-3
64,RCL,2022/01/21,$137.27K,12.5,76.14,2021/01/15 02:44,Put,137.27,368
65,GSX,2021/01/29,$154.44K,71.0,57.69,2021/01/15 02:43,Call,154.44,11
66,DD,2021/02/12,$3.63M,105.0,82.87,2021/01/15 02:40,Put,3630.0,25
67,KO,2021/06/18,$187.50K,45.0,49.44,2021/01/15 02:39,Put,187.5,151
68,AAL,2021/01/22,$89.70K,16.5,16.35,2021/01/15 02:32,Call,89.7,4
69,AAL,2021/01/22,$59.32K,16.5,16.35,2021/01/15 02:31,Call,59.32,4
70,GM,2021/01/29,$206.24K,57.0,51.58,2021/01/15 02:31,Call,206.24,11
71,ITUB,2021/02/19,$150.00K,6.0,6.3,2021/01/15 02:30,Call,150.0,32
72,ITUB,2021/01/15,$90.00K,6.0,6.3,2021/01/15 02:30,Call,90.0,-3
73,JNJ,2021/03/19,$1.48M,175.0,161.42,2021/01/15 02:30,Call,1480.0,60
74,JPM,2021/03/19,$3.20M,160.0,142.67,2021/01/15 02:29,Call,3200.0,60
75,GM,2021/06/18,$1.62M,50.0,51.56,2021/01/15 02:29,Put,1620.0,151
76,GM,2022/01/21,$2.55M,50.0,51.56,2021/01/15 02:29,Put,2550.0,368
77,HZNP,2021/02/19,$996.91K,75.0,78.83,2021/01/15 02:28,Call,996.91,32
78,HZNP,2021/02/19,$629.95K,80.0,78.83,2021/01/15 02:28,Call,629.95,32
79,ITUB,2021/01/15,$4.36K,6.0,6.3,2021/01/15 02:25,Put,4.36,-3
80,PFE,2021/02/19,$44.82K,42.0,36.91,2021/01/15 02:25,Call,44.82,32
81,PFE,2021/02/19,$168.07K,38.0,36.91,2021/01/15 02:25,Call,168.07,32
82,BABA,2021/03/19,$3.12M,250.0,243.71,2021/01/15 02:22,Put,3120.0,60
83,BABA,2021/03/19,$2.22M,250.0,243.71,2021/01/15 02:22,Call,2220.0,60
84,DD,2021/02/19,$11.14M,105.0,82.69,2021/01/15 02:20,Put,11140.0,32
85,BMY,2021/02/19,$922.50K,62.5,65.87,2021/01/15 02:20,Call,922.5,32
86,RIG,2021/02/19,$288.55K,4.0,3.52,2021/01/15 02:18,Call,288.55,32
87,RIG,2021/02/19,$208.95K,3.0,3.52,2021/01/15 02:18,Put,208.95,32
88,NCLH,2021/03/19,$1.02M,27.5,26.27,2021/01/15 02:12,Put,1020.0,60
89,NCLH,2021/03/19,$737.50K,27.5,26.27,2021/01/15 02:12,Call,737.5,60
90,FB,2022/06/17,$4.34M,220.0,248.96,2021/01/15 02:12,Put,4340.0,515
91,ORCL,2021/03/19,$948.00K,62.5,61.76,2021/01/15 02:09,Put,948.0,60
92,ORCL,2021/03/19,$738.00K,62.5,61.76,2021/01/15 02:09,Call,738.0,60
93,AAL,2021/01/15,$8.48K,15.0,16.32,2021/01/15 02:08,Put,8.48,-3
94,AAL,2021/01/15,$12.04K,15.0,16.32,2021/01/15 02:08,Put,12.04,-3
95,DAL,2021/01/15,$292.33K,40.0,41.93,2021/01/15 02:06,Call,292.33,-3
96,DAL,2021/01/29,$218.88K,42.0,41.93,2021/01/15 02:06,Call,218.88,11
97,AAL,2021/08/20,$424.45K,30.0,16.29,2021/01/15 02:06,Call,424.45,214
98,AAL,2021/08/20,$1.09M,22.0,16.29,2021/01/15 02:06,Call,1090.0,214
99,SNAP,2021/02/19,$123.60K,65.0,49.97,2021/01/15 02:04,Call,123.6,32
100,SNAP,2021/02/19,$337.20K,55.0,49.97,2021/01/15 02:04,Call,337.2,32
101,VIAC,2021/03/19,$301.56K,43.0,46.04,2021/01/15 02:03,Put,301.56,60
102,ABR,2023/01/20,$167.81K,10.0,14.4,2021/01/15 02:02,Put,167.81,732
103,VALE,2021/03/19,$1.04M,20.0,18.81,2021/01/15 02:02,Put,1040.0,60
104,VALE,2021/03/19,$396.00K,20.0,18.81,2021/01/15 02:02,Call,396.0,60
105,JPM,2021/06/18,$207.90K,110.0,141.43,2021/01/15 01:59,Put,207.9,151
106,BHC,2021/01/15,$1.13M,18.0,25.61,2021/01/15 01:58,Call,1130.0,-3
107,BHC,2022/01/21,$1.22M,18.0,25.61,2021/01/15 01:58,Call,1220.0,368
108,BBBY,2021/01/22,$151.51K,26.0,26.37,2021/01/15 01:57,Put,151.51,4
109,BHC,2022/01/21,$2.48M,20.0,25.68,2021/01/15 01:57,Call,2480.0,368
110,BHC,2021/01/15,$1.95M,20.0,25.68,2021/01/15 01:57,Call,1950.0,-3
111,AAL,2022/01/21,$389.00K,18.0,16.26,2021/01/15 01:50,Call,389.0,368
112,PLTR,2021/03/19,$1.21M,35.0,25.09,2021/01/15 01:48,Put,1210.0,60
113,PLTR,2021/03/19,$185.00K,35.0,25.09,2021/01/15 01:48,Call,185.0,60
114,JPM,2021/09/17,$1.14M,120.0,141.52,2021/01/15 01:45,Put,1140.0,242
115,PINS,2021/02/19,$2.44M,65.0,71.53,2021/01/15 01:44,Call,2440.0,32
116,FB,2022/01/21,$2.04M,350.0,246.43,2021/01/15 01:41,Call,2040.0,368
117,BABA,2021/03/19,$2.34M,230.0,243.09,2021/01/15 01:41,Put,2340.0,60
118,PLTR,2021/02/26,$300.00K,24.0,25.27,2021/01/15 01:40,Put,300.0,39
119,LVS,2021/03/19,$881.25K,60.0,55.24,2021/01/15 01:37,Call,881.25,60
120,LVS,2021/03/19,$106.25K,67.5,55.24,2021/01/15 01:37,Call,106.25,60
121,LVS,2021/03/19,$1.62M,57.5,55.24,2021/01/15 01:37,Call,1620.0,60
122,TWTR,2021/02/05,$117.96K,43.0,45.92,2021/01/15 01:37,Put,117.96,18
123,BB,2021/09/17,$376.96K,10.0,8.75,2021/01/15 01:36,Call,376.96,242
124,BB,2021/01/15,$262.48K,7.5,8.75,2021/01/15 01:36,Call,262.48,-3
125,BB,2021/09/17,$669.00K,10.0,8.75,2021/01/15 01:36,Call,669.0,242
126,BB,2021/01/15,$2.62M,7.5,8.75,2021/01/15 01:36,Call,2620.0,-3
127,BB,2021/09/17,$3.77M,10.0,8.75,2021/01/15 01:36,Call,3770.0,242
128,GE,2021/02/19,$28.00K,10.0,11.69,2021/01/15 01:35,Put,28.0,32
129,FUBO,2021/01/15,$78.17K,36.0,33.21,2021/01/15 01:34,Call,78.17,-3
130,PFE,2021/03/19,$47.98K,41.0,36.84,2021/01/15 01:34,Call,47.98,60
131,PFE,2021/03/19,$149.15K,37.0,36.84,2021/01/15 01:34,Call,149.15,60
132,PFE,2021/03/19,$71.02K,41.0,36.84,2021/01/15 01:33,Call,71.02,60
133,PFE,2021/03/19,$219.25K,37.0,36.84,2021/01/15 01:33,Call,219.25,60
134,PFE,2021/03/19,$71.91K,41.0,36.82,2021/01/15 01:33,Call,71.91,60
135,PFE,2021/03/19,$499.70K,37.0,36.82,2021/01/15 01:33,Call,499.7,60
136,PFE,2021/03/19,$165.39K,41.0,36.83,2021/01/15 01:33,Call,165.39,60
137,PFE,2021/03/19,$384.54K,37.0,36.82,2021/01/15 01:33,Call,384.54,60
138,PFE,2021/03/19,$127.28K,41.0,36.82,2021/01/15 01:33,Call,127.28,60
139,PFE,2021/03/19,$217.26K,37.0,36.82,2021/01/15 01:33,Call,217.26,60
140,BP,2022/01/21,$355.25K,25.0,25.23,2021/01/15 01:33,Call,355.25,368
141,C,2021/03/19,$371.17K,72.5,68.75,2021/01/15 01:31,Call,371.17,60
142,C,2021/03/19,$518.70K,70.0,68.75,2021/01/15 01:31,Call,518.7,60
143,GFI,2021/04/16,$107.10K,9.0,9.22,2021/01/15 01:30,Put,107.1,88
144,V,2021/01/15,$128.10K,205.0,205.1,2021/01/15 01:29,Put,128.1,-3
145,V,2021/01/15,$217.35K,205.0,205.1,2021/01/15 01:28,Call,217.35,-3
146,FCX,2021/01/15,$45.00K,32.0,32.04,2021/01/15 01:28,Put,45.0,-3
147,FB,2021/01/15,$84.94K,255.0,248.12,2021/01/15 01:28,Call,84.94,-3
148,PLTR,2021/02/19,$299.20K,21.0,25.19,2021/01/15 01:26,Put,299.2,32
149,PLTR,2021/01/29,$127.20K,28.0,25.19,2021/01/15 01:26,Call,127.2,11
150,PLTR,2021/01/29,$244.00K,23.5,25.19,2021/01/15 01:26,Put,244.0,11
151,PLTR,2021/02/19,$680.00K,25.0,25.19,2021/01/15 01:26,Put,680.0,32
152,MARA,2021/01/15,$30.06K,32.0,24.44,2021/01/15 01:25,Call,30.06,-3
153,NNDM,2021/08/20,$1.04M,20.0,10.39,2021/01/15 01:23,Call,1040.0,214
154,FCEL,2021/01/15,$2.16K,14.0,17.17,2021/01/15 01:23,Put,2.16,-3
155,FB,2021/02/19,$2.95M,250.0,248.48,2021/01/15 01:22,Put,2950.0,32
156,FB,2021/02/19,$2.65M,250.0,248.48,2021/01/15 01:22,Call,2650.0,32
157,MARA,2021/01/15,$1.26M,20.0,23.8,2021/01/15 01:21,Call,1260.0,-3
158,X,2021/04/16,$89.17K,35.0,22.57,2021/01/15 01:21,Call,89.17,88
159,VIAC,2021/04/16,$750.00K,44.0,45.43,2021/01/15 01:19,Put,750.0,88
160,VIAC,2021/03/19,$140.00K,36.0,45.43,2021/01/15 01:19,Put,140.0,60
161,DBX,2021/01/29,$128.96K,22.0,22.82,2021/01/15 01:18,Put,128.96,11
162,DBX,2021/01/22,$57.54K,22.0,22.82,2021/01/15 01:18,Put,57.54,4
163,MARA,2021/01/15,$76.46K,28.0,24.26,2021/01/15 01:18,Call,76.46,-3
164,VIAC,2021/03/19,$168.00K,36.0,45.44,2021/01/15 01:15,Put,168.0,60
165,VIAC,2021/04/16,$720.00K,44.0,45.44,2021/01/15 01:15,Put,720.0,88
166,DD,2021/02/19,$3.78M,120.0,82.97,2021/01/15 01:15,Put,3780.0,32
167,GME,2021/02/19,$1.38M,34.0,39.77,2021/01/15 01:15,Put,1380.0,32
168,DD,2021/02/19,$3.78M,120.0,82.68,2021/01/15 01:10,Put,3780.0,32
169,SPCE,2021/02/19,$742.50K,35.0,31.66,2021/01/15 01:10,Call,742.5,32
170,SPCE,2021/01/29,$167.50K,45.0,31.65,2021/01/15 01:10,Call,167.5,11
171,BBBY,2021/05/21,$1.13M,27.0,26.11,2021/01/15 01:09,Call,1130.0,123
172,BBBY,2021/01/15,$2.12M,20.0,26.11,2021/01/15 01:09,Call,2120.0,-3
173,SNAP,2021/01/22,$46.89K,55.0,50.94,2021/01/15 01:09,Call,46.89,4
174,FB,2022/01/21,$3.72M,250.0,249.1,2021/01/15 01:07,Put,3720.0,368
175,MS,2021/02/19,$268.00K,75.0,76.67,2021/01/15 01:06,Put,268.0,32
176,FCX,2021/03/19,$276.00K,28.0,31.71,2021/01/15 01:06,Put,276.0,60
177,KO,2022/01/21,$1000.00K,47.5,49.47,2021/01/15 01:06,Call,1000.0,368
178,RTX,2021/01/15,$429.44K,68.5,71.98,2021/01/15 01:05,Call,429.44,-3
179,RTX,2021/01/22,$228.14K,71.0,71.98,2021/01/15 01:05,Call,228.14,4
180,FUBO,2021/01/15,$27.49K,40.0,33.75,2021/01/15 01:02,Call,27.49,-3
181,NNDM,2021/02/19,$210.42K,12.5,10.38,2021/01/15 01:02,Call,210.42,32
182,DD,2021/02/12,$3.43M,105.0,82.88,2021/01/15 01:01,Put,3430.0,25
183,DD,2021/02/12,$19.50K,105.0,82.88,2021/01/15 01:01,Call,19.5,25
184,X,2021/01/22,$69.22K,24.0,22.17,2021/01/15 01:00,Call,69.22,4
185,PDD,2021/01/22,$50.00K,200.0,166.91,2021/01/15 00:59,Call,50.0,4
186,PDD,2021/01/22,$110.00K,190.0,166.91,2021/01/15 00:59,Call,110.0,4
187,SQ,2022/01/21,$2.99M,200.0,236.6,2021/01/15 00:58,Put,2990.0,368
188,SQ,2022/01/21,$2.50M,330.0,236.6,2021/01/15 00:58,Call,2500.0,368
189,V,2021/01/15,$129.15K,205.0,205.92,2021/01/15 00:58,Put,129.15,-3
190,V,2021/01/15,$218.40K,205.0,205.92,2021/01/15 00:58,Call,218.4,-3
191,CCL,2021/01/15,$140.00K,22.5,21.12,2021/01/15 00:58,Put,140.0,-3
192,ITUB,2021/02/19,$144.00K,6.0,6.25,2021/01/15 00:57,Call,144.0,32
193,ITUB,2021/01/15,$72.00K,6.0,6.25,2021/01/15 00:57,Call,72.0,-3
194,V,2021/01/15,$122.00K,205.0,205.89,2021/01/15 00:55,Put,122.0,-3
195,V,2021/01/15,$207.00K,205.0,205.89,2021/01/15 00:55,Call,207.0,-3
196,DDD,2021/02/05,$350.00K,28.0,28.02,2021/01/15 00:55,Call,350.0,18
197,CCL,2021/01/29,$160.00K,22.0,21.13,2021/01/15 00:55,Put,160.0,11
198,GM,2021/01/29,$225.60K,57.0,51.47,2021/01/15 00:54,Call,225.6,11
199,OPEN,2021/01/15,$1.90M,10.0,26.57,2021/01/15 00:54,Call,1900.0,-3
200,OPEN,2021/01/15,$2.49M,10.0,26.57,2021/01/15 00:54,Call,2490.0,-3
201,UBER,2021/01/29,$203.00K,65.0,58.31,2021/01/15 00:54,Call,203.0,11
202,UBER,2021/02/19,$993.67K,60.0,58.32,2021/01/15 00:53,Call,993.67,32
203,KMI,2021/03/19,$82.50K,16.0,15.5,2021/01/15 00:52,Call,82.5,60
204,KMI,2021/01/15,$78.00K,15.0,15.5,2021/01/15 00:52,Call,78.0,-3
205,GME,2021/01/15,$227.91K,35.0,36.77,2021/01/15 00:52,Put,227.91,-3
206,UBER,2021/01/22,$203.37K,60.5,58.22,2021/01/15 00:51,Call,203.37,4
207,NKLA,2021/07/16,$334.10K,12.5,20.48,2021/01/15 00:50,Put,334.1,179
208,BB,2021/06/18,$180.70K,11.0,8.59,2021/01/15 00:50,Call,180.7,151
209,DD,2021/02/19,$12.50K,120.0,82.68,2021/01/15 00:50,Call,12.5,32
210,DD,2021/02/19,$9.49M,120.0,82.68,2021/01/15 00:50,Put,9490.0,32
211,KO,2022/01/21,$390.00K,50.0,49.62,2021/01/15 00:49,Call,390.0,368
212,FB,2022/01/21,$3.40M,260.0,249.82,2021/01/15 00:49,Call,3400.0,368
213,FB,2022/01/21,$4.28M,260.0,249.82,2021/01/15 00:49,Put,4280.0,368
214,VIAC,2021/02/19,$421.15K,43.0,44.5,2021/01/15 00:48,Put,421.15,32
215,FB,2022/01/21,$2.20M,350.0,249.93,2021/01/15 00:46,Call,2200.0,368
216,DIS,2021/01/15,$104.45K,177.5,176.75,2021/01/15 00:43,Call,104.45,-3
217,AKAM,2021/01/15,$2.71M,105.0,102.0,2021/01/15 00:43,Put,2710.0,-3
218,AKAM,2021/01/15,$44.50K,105.0,102.0,2021/01/15 00:43,Call,44.5,-3
219,XOM,2021/03/19,$2.75M,55.0,49.99,2021/01/15 00:43,Call,2750.0,60
220,PBR,2021/02/26,$2.29M,12.0,11.43,2021/01/15 00:42,Call,2290.0,39
221,PBR,2021/02/26,$1.15M,13.5,11.43,2021/01/15 00:42,Call,1150.0,39
222,CSCO,2022/01/21,$343.75K,50.0,45.32,2021/01/15 00:42,Call,343.75,368
223,VIAC,2021/04/16,$1.13M,44.0,44.56,2021/01/15 00:42,Put,1130.0,88
224,VIAC,2021/03/19,$232.52K,36.0,44.56,2021/01/15 00:42,Put,232.52,60
225,VIAC,2021/06/18,$328.23K,40.0,44.55,2021/01/15 00:41,Put,328.23,151
226,GE,2021/01/15,$126.00K,12.0,11.66,2021/01/15 00:38,Put,126.0,-3
227,BABA,2021/01/29,$1.42M,245.0,243.29,2021/01/15 00:37,Call,1420.0,11
228,VIAC,2021/03/19,$234.00K,36.0,44.61,2021/01/15 00:33,Put,234.0,60
229,VIAC,2021/04/16,$1.13M,44.0,44.61,2021/01/15 00:33,Put,1130.0,88
230,CCL,2021/04/16,$664.98K,17.5,21.35,2021/01/15 00:33,Put,664.98,88
231,XOM,2021/01/15,$41.00K,50.0,50.14,2021/01/15 00:33,Put,41.0,-3
232,UBER,2021/01/15,$66.00K,59.5,58.69,2021/01/15 00:32,Call,66.0,-3
233,XOM,2021/01/29,$211.15K,49.0,50.05,2021/01/15 00:27,Put,211.15,11
234,XOM,2021/01/29,$83.66K,47.0,50.05,2021/01/15 00:27,Put,83.66,11
235,AAL,2021/01/15,$6.54K,15.5,16.26,2021/01/15 00:27,Put,6.54,-3
236,ITUB,2022/01/21,$30.00K,3.0,6.25,2021/01/15 00:26,Put,30.0,368
237,ITUB,2022/01/21,$960.00K,7.0,6.25,2021/01/15 00:26,Put,960.0,368
238,CCJ,2021/01/15,$76.80K,13.0,13.61,2021/01/15 00:25,Call,76.8,-3
239,XOM,2021/03/19,$87.49K,57.5,49.96,2021/01/15 00:25,Call,87.49,60
240,SPCE,2021/01/29,$422.14K,32.0,31.55,2021/01/15 00:24,Call,422.14,11
241,SPCE,2021/01/29,$596.70K,34.0,31.68,2021/01/15 00:24,Call,596.7,11
242,AUY,2021/02/19,$20.00K,7.0,5.33,2021/01/15 00:24,Call,20.0,32
243,AUY,2021/02/19,$52.00K,6.0,5.33,2021/01/15 00:24,Call,52.0,32
244,NKLA,2021/02/05,$105.00K,18.0,20.67,2021/01/15 00:23,Put,105.0,18
245,GFI,2021/01/15,$177.00K,11.0,9.24,2021/01/15 00:23,Put,177.0,-3
246,VIAC,2021/04/16,$833.89K,44.0,44.76,2021/01/15 00:22,Put,833.89,88
247,BBBY,2021/01/15,$44.27K,25.0,25.8,2021/01/15 00:17,Put,44.27,-3
248,SPCE,2021/01/29,$510.69K,32.0,32.39,2021/01/15 00:16,Call,510.69,11
249,VIAC,2021/04/16,$905.53K,44.0,44.54,2021/01/15 00:16,Put,905.53,88
250,PBR,2021/01/15,$224.00K,12.0,11.42,2021/01/15 00:15,Put,224.0,-3
251,CREE,2021/02/19,$310.00K,155.0,123.28,2021/01/15 00:11,Call,310.0,32
252,BBBY,2021/03/19,$378.87K,26.0,25.9,2021/01/15 00:11,Put,378.87,60
253,BBBY,2021/03/19,$400.04K,26.0,25.96,2021/01/15 00:11,Put,400.04,60
254,BBBY,2021/03/19,$396.06K,26.0,26.06,2021/01/15 00:10,Put,396.06,60
255,BBBY,2021/03/19,$1.08M,26.0,26.07,2021/01/15 00:10,Put,1080.0,60
256,C,2021/02/19,$222.00K,70.0,68.42,2021/01/15 00:09,Call,222.0,32
257,C,2021/02/19,$183.00K,65.0,68.42,2021/01/15 00:09,Put,183.0,32
258,UBER,2021/02/05,$944.64K,60.0,58.23,2021/01/15 00:09,Call,944.64,18
259,UBER,2021/01/15,$944.64K,56.0,58.23,2021/01/15 00:09,Call,944.64,-3
260,XOM,2021/06/18,$297.50K,55.0,49.78,2021/01/15 00:09,Call,297.5,151
261,XOM,2021/06/18,$365.00K,45.0,49.78,2021/01/15 00:09,Put,365.0,151
262,FB,2021/02/19,$1.49M,250.0,251.48,2021/01/15 00:08,Call,1490.0,32
263,FB,2021/02/19,$1.30M,250.0,251.48,2021/01/15 00:08,Put,1300.0,32
264,CVS,2023/01/20,$3.87M,80.0,74.93,2021/01/15 00:07,Call,3870.0,732
265,SKT,2021/03/19,$154.44K,10.0,13.41,2021/01/15 00:06,Put,154.44,60
266,SKT,2021/03/19,$438.27K,12.0,13.41,2021/01/15 00:06,Put,438.27,60
267,IFF,2021/02/19,$3.15M,150.0,120.03,2021/01/15 00:06,Put,3150.0,32
268,CSCO,2022/01/21,$700.00K,50.0,45.42,2021/01/15 00:04,Call,700.0,368
269,CSCO,2022/01/21,$1.40M,50.0,45.42,2021/01/15 00:04,Call,1400.0,368
270,KGC,2021/08/20,$103.00K,7.0,7.2,2021/01/15 00:04,Put,103.0,214
271,GM,2023/01/20,$3.87M,65.0,51.26,2021/01/15 00:03,Call,3870.0,732
272,XOM,2021/01/15,$78.00K,50.0,49.76,2021/01/15 00:03,Put,78.0,-3
273,IFF,2021/02/19,$4.63M,150.0,120.49,2021/01/15 00:03,Put,4630.0,32
274,BBBY,2021/01/29,$124.32K,25.0,26.48,2021/01/15 00:01,Put,124.32,11
275,PBR,2021/01/15,$213.00K,12.0,11.36,2021/01/15 00:01,Put,213.0,-3
276,ACIA,2021/11/19,$112.40K,65.0,113.97,2021/01/15 00:01,Put,112.4,305
277,XOM,2021/01/15,$43.69K,50.0,49.68,2021/01/15 00:00,Call,43.69,-3
278,XOM,2021/01/15,$43.29K,50.0,49.68,2021/01/15 00:00,Call,43.29,-3
279,PFE,2021/01/22,$105.00K,36.0,36.8,2021/01/14 23:58,Put,105.0,4
280,HEXO,2021/02/19,$241.28K,6.0,7.33,2021/01/14 23:58,Put,241.28,32
281,OXY,2021/01/29,$524.30K,25.0,23.98,2021/01/14 23:57,Call,524.3,11
282,MS,2021/01/29,$1.17M,80.0,76.32,2021/01/14 23:53,Call,1170.0,11
283,HEXO,2021/05/21,$121.88K,2.0,7.2,2021/01/14 23:51,Call,121.88,123
284,GE,2021/02/19,$114.18K,11.0,11.65,2021/01/14 23:51,Put,114.18,32
285,NOK,2021/01/15,$2.00K,5.0,4.22,2021/01/14 23:50,Call,2.0,-3
286,AAL,2021/01/22,$53.62K,16.5,16.15,2021/01/14 23:47,Call,53.62,4
287,PDD,2021/02/19,$474.50K,210.0,167.12,2021/01/14 23:41,Call,474.5,32
288,DD,2021/02/12,$2.41M,105.0,82.43,2021/01/14 23:41,Put,2410.0,25
289,LVS,2021/01/29,$259.88K,58.0,54.53,2021/01/14 23:40,Call,259.88,11
290,LVS,2021/01/29,$279.67K,52.0,54.53,2021/01/14 23:40,Put,279.67,11
291,FCEL,2021/02/19,$2.01M,20.0,17.52,2021/01/14 23:40,Put,2009.9999999999998,32
292,UAL,2021/01/15,$154.62K,45.0,46.39,2021/01/14 23:40,Call,154.62,-3
293,UBER,2021/03/19,$5.85M,60.0,59.22,2021/01/14 23:40,Put,5850.0,60
294,UBER,2021/03/19,$5.11M,60.0,59.22,2021/01/14 23:40,Call,5110.0,60
295,OXY,2021/01/15,$1.11M,23.0,23.87,2021/01/14 23:39,Call,1110.0,-3
296,OXY,2021/01/15,$532.00K,24.0,23.86,2021/01/14 23:39,Call,532.0,-3
297,PSTH,2021/02/19,$190.45K,35.0,29.63,2021/01/14 23:39,Call,190.45,32
298,DKNG,2021/01/15,$205.57K,55.0,55.36,2021/01/14 23:38,Call,205.57,-3
299,MNST,2021/01/15,$109.94K,98.0,92.49,2021/01/14 23:38,Call,109.94,-3
300,PCG,2021/01/15,$45.00K,12.0,12.03,2021/01/14 23:38,Put,45.0,-3
301,PCG,2021/01/15,$55.00K,12.0,12.03,2021/01/14 23:38,Call,55.0,-3
302,SPCE,2021/01/29,$609.00K,34.0,32.93,2021/01/14 23:37,Call,609.0,11
303,GME,2021/02/19,$574.74K,28.0,33.62,2021/01/14 23:36,Put,574.74,32
304,FCEL,2021/01/15,$20.13K,15.0,17.63,2021/01/14 23:33,Put,20.13,-3
305,RCL,2021/02/05,$321.30K,80.0,75.86,2021/01/14 23:32,Call,321.3,18
306,RCL,2021/02/19,$178.50K,90.0,75.88,2021/01/14 23:32,Call,178.5,32
307,RCL,2021/02/05,$142.80K,85.0,75.88,2021/01/14 23:32,Call,142.8,18
308,OXY,2021/08/20,$786.81K,22.0,24.2,2021/01/14 23:30,Call,786.81,214
309,OXY,2021/02/19,$839.09K,18.0,24.2,2021/01/14 23:30,Call,839.09,32
310,C,2021/09/17,$930.00K,60.0,68.72,2021/01/14 23:30,Put,930.0,242
311,C,2021/01/15,$311.10K,67.5,68.72,2021/01/14 23:27,Call,311.1,-3
312,C,2021/01/15,$644.30K,65.0,68.72,2021/01/14 23:27,Call,644.3,-3
313,FCX,2021/01/15,$98.38K,31.5,31.24,2021/01/14 23:27,Call,98.38,-3
314,UBER,2021/02/19,$77.50K,45.0,59.63,2021/01/14 23:26,Put,77.5,32
315,UBER,2021/02/19,$545.00K,55.0,59.63,2021/01/14 23:26,Put,545.0,32
316,UBER,2021/02/19,$300.00K,70.0,59.63,2021/01/14 23:26,Call,300.0,32
317,BBBY,2021/02/19,$161.02K,28.0,25.38,2021/01/14 23:24,Call,161.02,32
318,FCEL,2023/01/20,$1000.00K,30.0,17.71,2021/01/14 23:24,Call,1000.0,732
319,RIG,2022/01/21,$129.94K,2.0,3.43,2021/01/14 23:24,Put,129.94,368
320,MARA,2021/01/15,$496.47K,23.0,25.94,2021/01/14 23:21,Call,496.47,-3
321,GSX,2021/01/29,$286.00K,71.0,60.76,2021/01/14 23:20,Call,286.0,11
322,BHC,2021/02/19,$192.00K,27.0,26.07,2021/01/14 23:19,Call,192.0,32
323,BHC,2021/02/19,$430.00K,22.0,26.07,2021/01/14 23:19,Call,430.0,32
324,BHC,2021/02/19,$429.00K,22.0,26.07,2021/01/14 23:19,Call,429.0,32
325,BHC,2021/02/19,$267.00K,26.0,26.07,2021/01/14 23:19,Call,267.0,32
326,VFC,2021/01/22,$100.00K,88.5,85.62,2021/01/14 23:19,Call,100.0,4
327,AAL,2021/06/18,$49.00K,10.0,16.23,2021/01/14 23:18,Put,49.0,151
328,JD,2021/03/19,$747.93K,92.5,90.86,2021/01/14 23:17,Call,747.93,60
329,GM,2021/01/22,$53.25K,55.0,50.97,2021/01/14 23:17,Call,53.25,4
330,JPM,2021/03/19,$985.01K,155.0,142.46,2021/01/14 23:17,Call,985.01,60
331,JPM,2021/02/19,$1.53M,145.0,142.46,2021/01/14 23:17,Call,1530.0,32
332,C,2021/01/15,$104.00K,70.0,68.21,2021/01/14 23:15,Call,104.0,-3
333,PFE,2021/01/29,$516.91K,37.5,36.68,2021/01/14 23:14,Put,516.91,11
334,PFE,2021/01/15,$286.09K,37.5,36.68,2021/01/14 23:14,Put,286.09,-3
335,DIS,2021/01/15,$42.50K,185.0,177.87,2021/01/14 23:14,Call,42.5,-3
336,MU,2021/02/19,$476.66K,82.5,80.9,2021/01/14 23:12,Call,476.66,32
337,DIS,2021/01/15,$67.09K,185.0,177.83,2021/01/14 23:12,Call,67.09,-3
338,MU,2021/01/29,$292.93K,86.0,80.84,2021/01/14 23:12,Call,292.93,11
339,JNJ,2021/03/19,$2.33M,165.0,160.54,2021/01/14 23:12,Call,2330.0,60
340,JNJ,2021/01/15,$684.40K,160.0,160.54,2021/01/14 23:12,Call,684.4,-3
341,PFE,2021/06/18,$216.09K,42.0,36.65,2021/01/14 23:12,Call,216.09,151
342,NIO,2021/01/15,$53.12K,65.0,62.01,2021/01/14 23:11,Call,53.12,-3
343,LVS,2021/03/19,$832.68K,60.0,55.46,2021/01/14 23:10,Call,832.68,60
344,LVS,2021/03/19,$113.40K,75.0,55.46,2021/01/14 23:10,Call,113.4,60
345,PLUG,2021/01/15,$65.10K,75.0,66.52,2021/01/14 23:07,Call,65.1,-3
346,DD,2021/02/12,$2.49M,105.0,81.79,2021/01/14 23:07,Put,2490.0,25
347,WMT,2021/01/29,$118.65K,142.0,147.01,2021/01/14 23:06,Put,118.65,11
348,WMT,2021/01/29,$150.29K,143.0,147.01,2021/01/14 23:06,Put,150.29,11
349,BABA,2021/01/15,$6.00K,180.0,242.97,2021/01/14 23:04,Put,6.0,-3
350,AAL,2021/01/15,$53.74K,16.0,16.14,2021/01/14 23:04,Call,53.74,-3
351,DAL,2021/01/15,$46.00K,42.0,41.83,2021/01/14 23:03,Call,46.0,-3
352,SPCE,2022/01/21,$3.12M,50.0,32.09,2021/01/14 23:02,Call,3120.0,368
353,TEVA,2021/02/19,$94.50K,12.0,11.55,2021/01/14 23:01,Call,94.5,32
354,OXY,2021/01/15,$75.00K,25.0,24.05,2021/01/14 23:00,Call,75.0,-3
355,PLUG,2023/01/20,$3.85M,90.0,65.78,2021/01/14 22:59,Call,3850.0,732
356,JMIA,2021/02/19,$407.40K,70.0,46.98,2021/01/14 22:59,Call,407.4,32
357,NOK,2021/04/16,$76.17K,4.0,4.19,2021/01/14 22:59,Call,76.17,88
358,FCEL,2022/01/21,$833.00K,25.0,17.24,2021/01/14 22:59,Call,833.0,368
359,NOK,2021/04/16,$118.73K,4.0,4.19,2021/01/14 22:59,Call,118.73,88
360,NIO,2021/01/29,$192.00K,70.0,62.02,2021/01/14 22:59,Call,192.0,11
361,OXY,2021/01/15,$62.50K,25.0,24.08,2021/01/14 22:58,Call,62.5,-3
362,VALE,2021/01/22,$92.64K,19.0,18.53,2021/01/14 22:58,Call,92.64,4
363,NOK,2023/01/20,$301.18K,4.0,4.19,2021/01/14 22:56,Call,301.18,732
364,OXY,2021/02/19,$95.85K,29.0,23.98,2021/01/14 22:56,Call,95.85,32
365,OXY,2021/02/19,$155.19K,28.0,23.98,2021/01/14 22:56,Call,155.19,32
366,NOK,2023/01/20,$244.42K,4.0,4.19,2021/01/14 22:56,Call,244.42,732
367,MU,2021/01/15,$111.47K,80.0,80.46,2021/01/14 22:55,Call,111.47,-3
368,MU,2021/01/29,$270.00K,86.0,80.24,2021/01/14 22:55,Call,270.0,11
369,ACB,2021/01/29,$185.42K,12.0,11.89,2021/01/14 22:54,Call,185.42,11
370,CCL,2021/01/15,$290.00K,18.0,21.14,2021/01/14 22:54,Call,290.0,-3
371,GM,2021/06/18,$2.16M,50.0,50.32,2021/01/14 22:53,Call,2160.0,151
372,GM,2021/06/18,$618.00K,50.0,50.32,2021/01/14 22:53,Call,618.0,151
373,GM,2021/06/18,$675.00K,60.0,50.32,2021/01/14 22:53,Call,675.0,151
374,NOK,2021/01/29,$18.00K,4.5,4.19,2021/01/14 22:51,Call,18.0,11
375,NIO,2021/01/15,$15.82K,70.0,62.25,2021/01/14 22:50,Call,15.82,-3
376,GM,2021/01/22,$151.85K,50.0,50.07,2021/01/14 22:49,Call,151.85,4
377,SPCE,2021/01/29,$152.94K,34.0,30.25,2021/01/14 22:48,Call,152.94,11
378,XOM,2021/01/29,$150.00K,49.0,48.92,2021/01/14 22:48,Call,150.0,11
379,SPCE,2021/01/29,$736.00K,32.0,30.32,2021/01/14 22:48,Call,736.0,11
380,SPCE,2021/01/29,$320.00K,40.0,30.32,2021/01/14 22:48,Call,320.0,11
381,NIO,2022/12/16,$3.43M,100.0,61.74,2021/01/14 22:46,Call,3430.0,697
382,GE,2021/03/19,$22.50K,15.0,11.67,2021/01/14 22:46,Call,22.5,60
383,OXY,2021/01/15,$120.00K,23.0,23.55,2021/01/14 22:46,Call,120.0,-3
384,NIO,2022/12/16,$3.18M,100.0,61.57,2021/01/14 22:46,Call,3180.0,697
385,AAL,2021/01/15,$178.67K,15.0,16.15,2021/01/14 22:45,Call,178.67,-3
386,AAL,2021/01/15,$195.41K,15.0,16.17,2021/01/14 22:44,Call,195.41,-3
387,GE,2021/03/19,$23.85K,15.0,11.65,2021/01/14 22:44,Call,23.85,60
388,NCLH,2021/01/15,$305.00K,22.5,25.52,2021/01/14 22:43,Call,305.0,-3
389,PLTR,2021/01/15,$95.34K,25.5,24.99,2021/01/14 22:43,Put,95.34,-3
390,PDD,2021/02/19,$2.36M,170.0,168.43,2021/01/14 22:42,Put,2360.0,32
391,PDD,2021/02/19,$2.13M,170.0,168.43,2021/01/14 22:42,Call,2130.0,32
392,GME,2021/02/19,$867.68K,28.0,35.32,2021/01/14 22:41,Put,867.68,32
393,NOK,2023/01/20,$219.88K,4.0,4.25,2021/01/14 22:41,Call,219.88,732
394,NOK,2023/01/20,$115.00K,4.0,4.25,2021/01/14 22:41,Call,115.0,732
395,PSTH,2021/02/19,$354.27K,30.0,29.72,2021/01/14 22:41,Put,354.27,32
396,FCEL,2023/01/20,$1.03M,30.0,17.87,2021/01/14 22:41,Call,1030.0,732
397,XOM,2021/01/15,$57.07K,49.0,48.9,2021/01/14 22:41,Put,57.07,-3
398,ACIA,2021/02/19,$6.54M,70.0,113.91,2021/01/14 22:41,Call,6540.0,32
399,C,2021/01/15,$248.01K,67.5,67.65,2021/01/14 22:40,Put,248.01,-3
400,PINS,2021/01/15,$187.50K,75.0,74.86,2021/01/14 22:40,Call,187.5,-3
401,BP,2023/01/20,$1.07M,30.0,25.09,2021/01/14 22:40,Call,1070.0,732
402,CLF,2021/04/16,$316.03K,20.0,18.15,2021/01/14 22:40,Call,316.03,88
403,NCLH,2021/01/15,$471.04K,24.5,25.78,2021/01/14 22:40,Call,471.04,-3
404,HEXO,2021/02/19,$130.00K,7.0,7.14,2021/01/14 22:39,Put,130.0,32
405,PINS,2021/01/15,$154.88K,75.5,74.88,2021/01/14 22:38,Call,154.88,-3
406,BBBY,2021/01/22,$125.53K,26.0,24.0,2021/01/14 22:38,Call,125.53,4
407,DVN,2021/01/29,$151.30K,20.0,19.79,2021/01/14 22:38,Call,151.3,11
408,VALE,2021/06/18,$423.88K,19.0,18.53,2021/01/14 22:37,Call,423.88,151
409,NCLH,2021/01/15,$279.11K,24.5,25.63,2021/01/14 22:37,Call,279.11,-3
410,TLRY,2021/03/19,$1.17M,15.0,16.13,2021/01/14 22:36,Call,1170.0,60
411,IFF,2021/01/22,$150.00K,118.0,120.67,2021/01/14 22:36,Put,150.0,4
412,NCLH,2021/02/26,$267.21K,29.0,25.63,2021/01/14 22:36,Call,267.21,39
413,FCEL,2022/01/21,$1.46M,4.0,17.75,2021/01/14 22:36,Call,1460.0,368
414,GE,2021/06/18,$175.65K,13.0,11.66,2021/01/14 22:36,Call,175.65,151
415,APHA,2021/01/15,$169.40K,10.0,11.28,2021/01/14 22:36,Call,169.4,-3
416,NOK,2023/01/20,$165.00K,4.0,4.19,2021/01/14 22:34,Call,165.0,732
417,NOK,2023/01/20,$110.00K,4.0,4.18,2021/01/14 22:34,Call,110.0,732
418,NOK,2023/01/20,$230.20K,4.0,4.18,2021/01/14 22:34,Call,230.2,732
419,DD,2021/03/19,$96.12K,95.0,82.46,2021/01/14 22:34,Call,96.12,60
420,TLRY,2021/02/19,$1.46M,11.0,16.13,2021/01/14 22:33,Call,1460.0,32
421,CCL,2021/02/19,$59.00K,25.0,20.92,2021/01/14 22:32,Call,59.0,32
422,NOK,2023/01/20,$104.00K,4.0,4.17,2021/01/14 22:32,Call,104.0,732
423,FCEL,2021/01/15,$53.02K,18.0,17.85,2021/01/14 22:32,Call,53.02,-3
424,GME,2021/02/19,$900.00K,38.0,37.61,2021/01/14 22:31,Put,900.0,32
425,MARA,2021/01/15,$507.82K,27.0,25.8,2021/01/14 22:31,Put,507.82,-3
426,FCEL,2021/01/15,$121.58K,17.0,19.14,2021/01/14 22:30,Call,121.58,-3
427,CCL,2021/01/22,$368.94K,21.0,20.95,2021/01/16 04:27,Put,368.94,4
428,GE,2021/02/19,$135.64K,12.0,11.4,2021/01/16 04:25,Call,135.64,32
429,UAL,2021/03/19,$1.22M,45.0,44.11,2021/01/16 04:25,Call,1220.0,60
430,DBX,2021/07/16,$401.97K,28.0,22.17,2021/01/16 04:24,Call,401.97,179
431,CCJ,2021/01/15,$9.00K,13.0,13.0,2021/01/16 04:22,Put,9.0,-3
432,CCJ,2021/01/15,$12.00K,13.0,12.97,2021/01/16 04:22,Call,12.0,-3
433,SPCE,2021/01/29,$70.04K,40.0,30.69,2021/01/16 04:19,Call,70.04,11
434,PLUG,2021/01/15,$3.65K,70.0,61.04,2021/01/16 04:18,Call,3.65,-3
435,NIO,2021/01/22,$83.30K,65.0,55.89,2021/01/16 04:17,Call,83.3,4
436,NOK,2021/04/16,$335.38K,2.0,4.13,2021/01/16 04:17,Call,335.38,88
437,X,2023/01/20,$275.00K,5.0,20.93,2021/01/16 04:15,Put,275.0,732
438,AAL,2021/01/22,$112.00K,16.0,15.78,2021/01/16 04:13,Put,112.0,4
439,XOM,2021/03/19,$727.20K,50.0,48.14,2021/01/16 04:12,Call,727.2,60
440,CSCO,2021/06/18,$945.00K,45.0,45.46,2021/01/16 04:07,Put,945.0,151
441,C,2021/01/15,$63.00K,65.0,64.7,2021/01/16 04:06,Put,63.0,-3
442,C,2021/01/15,$18.00K,65.0,64.7,2021/01/16 04:06,Call,18.0,-3
443,AAL,2021/01/22,$140.00K,16.0,15.78,2021/01/16 04:05,Put,140.0,4
444,SNAP,2021/03/19,$405.00K,60.0,50.01,2021/01/16 04:03,Call,405.0,60
445,PFE,2021/06/18,$445.00K,38.0,36.69,2021/01/16 04:02,Call,445.0,151
446,NIU,2021/02/19,$240.00K,30.0,37.6,2021/01/16 04:00,Put,240.0,32
447,PSTH,2021/12/17,$1.12M,40.0,29.29,2021/01/16 03:57,Call,1120.0,333
448,CCJ,2021/06/18,$402.00K,12.0,12.99,2021/01/16 03:55,Put,402.0,151
449,BHC,2021/02/19,$279.00K,26.0,26.51,2021/01/16 03:55,Put,279.0,32
450,DBX,2021/07/16,$273.99K,28.0,22.06,2021/01/16 03:54,Call,273.99,179
451,LVS,2021/03/19,$136.50K,65.0,53.98,2021/01/16 03:49,Call,136.5,60
452,LVS,2021/03/19,$357.00K,50.0,53.99,2021/01/16 03:49,Put,357.0,60
453,BB,2021/02/19,$198.00K,12.0,10.02,2021/01/16 03:44,Call,198.0,32
454,TAP,2021/02/12,$81.18K,47.0,52.62,2021/01/16 03:37,Put,81.18,25
455,TAP,2021/02/12,$108.24K,58.0,52.62,2021/01/16 03:37,Call,108.24,25
456,AAL,2021/01/22,$46.20K,16.5,15.83,2021/01/16 03:34,Call,46.2,4
457,XOM,2021/02/19,$46.26K,57.5,48.15,2021/01/16 03:32,Call,46.26,32
458,XOM,2021/02/19,$171.16K,52.5,48.15,2021/01/16 03:32,Call,171.16,32
459,CREE,2021/01/29,$405.00K,140.0,117.88,2021/01/16 03:31,Call,405.0,11
460,PBR,2021/02/19,$217.65K,11.0,10.98,2021/01/16 03:30,Call,217.65,32
461,AAL,2021/02/19,$27.97K,12.0,15.85,2021/01/16 03:30,Put,27.97,32
462,AAL,2021/01/22,$139.94K,16.0,15.82,2021/01/16 03:27,Put,139.94,4
463,BP,2021/01/15,$424.81K,22.0,24.29,2021/01/16 03:26,Call,424.81,-3
464,BP,2021/02/19,$164.38K,25.0,24.29,2021/01/16 03:26,Call,164.38,32
465,UAL,2021/01/29,$183.55K,42.0,44.3,2021/01/16 03:26,Put,183.55,11
466,OXY,2021/03/19,$735.00K,22.0,22.73,2021/01/16 03:25,Call,735.0,60
467,OXY,2021/03/19,$555.00K,22.0,22.73,2021/01/16 03:25,Put,555.0,60
468,VALE,2023/01/20,$273.70K,35.0,17.81,2021/01/16 03:25,Call,273.7,732
469,SNAP,2021/01/29,$3.40M,51.0,49.99,2021/01/16 03:24,Call,3400.0,11
470,SNAP,2021/01/15,$612.00K,50.0,50.01,2021/01/16 03:24,Call,612.0,-3
471,OXY,2021/02/19,$362.32K,23.0,22.73,2021/01/16 03:23,Call,362.32,32
472,AAL,2021/01/22,$150.74K,16.0,15.8,2021/01/16 03:23,Put,150.74,4
473,SPCE,2021/01/29,$94.27K,40.0,31.17,2021/01/16 03:22,Call,94.27,11
474,UAL,2021/01/29,$177.25K,42.0,44.24,2021/01/16 03:21,Put,177.25,11
475,DAL,2021/01/29,$130.31K,42.0,40.24,2021/01/16 03:21,Call,130.31,11
476,DAL,2021/01/29,$29.18K,46.0,40.24,2021/01/16 03:21,Call,29.18,11
477,JD,2021/02/19,$1.21M,90.0,87.68,2021/01/16 03:21,Put,1210.0,32
478,GM,2021/01/22,$194.10K,50.0,50.16,2021/01/16 03:20,Put,194.1,4
479,SNAP,2021/01/29,$238.82K,52.0,50.14,2021/01/16 03:17,Call,238.82,11
480,NIO,2021/02/05,$75.00K,85.0,57.22,2021/01/16 03:14,Call,75.0,18
481,DVN,2021/01/22,$93.46K,20.0,19.72,2021/01/16 03:13,Call,93.46,4
482,AUY,2021/01/15,$5.00K,5.5,5.11,2021/01/16 03:13,Call,5.0,-3
483,DKNG,2021/01/22,$101.30K,60.0,54.35,2021/01/16 03:07,Call,101.3,4
484,ACB,2021/03/19,$30.62K,6.0,12.14,2021/01/16 03:00,Put,30.62,60
485,FB,2021/03/19,$3.21M,250.0,252.04,2021/01/16 02:56,Put,3210.0,60
486,FB,2021/03/19,$3.66M,250.0,252.04,2021/01/16 02:56,Call,3660.0,60
487,DAL,2021/02/19,$51.00K,48.0,40.26,2021/01/16 02:55,Call,51.0,32
488,GFI,2021/02/19,$192.97K,10.0,9.03,2021/01/16 02:52,Call,192.97,32
489,RTX,2022/01/21,$3.08M,75.0,69.46,2021/01/16 02:52,Call,3080.0,368
490,XOM,2021/01/15,$660.00K,45.0,48.3,2021/01/16 02:52,Call,660.0,-3
491,TEVA,2021/02/19,$156.00K,13.0,12.03,2021/01/16 02:50,Call,156.0,32
492,FB,2021/03/19,$4.58M,250.0,251.89,2021/01/16 02:47,Call,4580.0,60
493,FB,2021/03/19,$4.04M,250.0,251.89,2021/01/16 02:47,Put,4040.0,60
494,HZNP,2021/02/19,$65.52K,100.0,78.3,2021/01/16 02:42,Call,65.52,32
495,JPM,2021/02/19,$84.17K,155.0,139.72,2021/01/16 02:42,Call,84.17,32
496,SNAP,2021/01/15,$160.00K,50.0,49.79,2021/01/16 02:40,Put,160.0,-3
497,SNAP,2021/01/15,$80.00K,50.0,49.79,2021/01/16 02:40,Call,80.0,-3
498,GE,2021/01/15,$16.13K,11.5,11.5,2021/01/16 02:36,Call,16.13,-3
499,VALE,2021/01/15,$170.00K,18.0,17.86,2021/01/16 02:32,Put,170.0,-3
500,VALE,2021/01/15,$50.00K,18.0,17.86,2021/01/16 02:32,Call,50.0,-3
501,VALE,2023/01/20,$173.51K,35.0,17.89,2021/01/16 02:29,Call,173.51,732
502,C,2021/09/17,$622.71K,60.0,65.22,2021/01/16 02:28,Put,622.71,242
503,VALE,2021/02/19,$18.69K,25.0,17.88,2021/01/16 02:27,Call,18.69,32
504,SNAP,2021/01/15,$110.00K,49.0,49.95,2021/01/16 02:26,Call,110.0,-3
505,VALE,2023/01/20,$136.73K,35.0,17.91,2021/01/16 02:24,Call,136.73,732
506,NIU,2021/02/19,$230.00K,30.0,37.63,2021/01/16 02:23,Put,230.0,32
507,CSCO,2021/02/19,$230.40K,45.0,45.44,2021/01/16 02:14,Put,230.4,32
508,CSCO,2021/01/15,$3.20K,45.0,45.44,2021/01/16 02:14,Put,3.2,-3
509,MARA,2021/01/22,$262.00K,23.0,23.15,2021/01/16 02:14,Put,262.0,4
510,NKLA,2021/01/15,$89.90K,20.0,19.93,2021/01/16 02:13,Put,89.9,-3
511,NKLA,2021/01/15,$71.92K,20.0,19.93,2021/01/16 02:13,Call,71.92,-3
512,XPEV,2021/07/16,$183.27K,25.0,47.97,2021/01/16 02:13,Put,183.27,179
513,LI,2021/09/17,$1.74M,32.0,32.82,2021/01/16 02:12,Put,1740.0,242
514,XOM,2021/02/19,$324.00K,45.0,48.61,2021/01/16 02:10,Put,324.0,32
515,NIO,2021/08/20,$532.50K,30.0,57.01,2021/01/16 02:10,Put,532.5,214
516,BABA,2021/02/19,$2.50M,225.0,244.28,2021/01/16 02:09,Call,2500.0,32
517,JD,2021/01/15,$412.80K,90.0,87.86,2021/01/16 02:09,Put,412.8,-3
518,JD,2021/02/19,$815.36K,90.0,87.86,2021/01/16 02:09,Put,815.36,32
519,JD,2021/01/15,$275.20K,90.0,87.86,2021/01/16 02:09,Put,275.2,-3
520,JD,2021/02/19,$810.24K,90.0,87.86,2021/01/16 02:09,Call,810.24,32
521,JD,2021/02/19,$1.22M,90.0,87.86,2021/01/16 02:09,Put,1220.0,32
522,JD,2021/02/19,$540.16K,90.0,87.86,2021/01/16 02:09,Call,540.16,32
523,JD,2021/01/15,$7.68K,90.0,87.86,2021/01/16 02:09,Call,7.68,-3
524,MARA,2021/01/15,$698.88K,27.0,23.11,2021/01/16 02:09,Put,698.88,-3
525,JNJ,2021/01/15,$218.75K,160.0,161.24,2021/01/16 02:08,Call,218.75,-3
526,JNJ,2021/02/19,$99.75K,180.0,161.24,2021/01/16 02:08,Call,99.75,32
527,JNJ,2021/02/19,$332.50K,170.0,161.24,2021/01/16 02:08,Call,332.5,32
528,GSX,2021/01/15,$57.00K,60.0,59.52,2021/01/16 02:07,Call,57.0,-3
529,GSX,2021/01/15,$107.00K,60.0,59.52,2021/01/16 02:07,Put,107.0,-3
530,BHC,2021/02/19,$660.00K,26.0,26.11,2021/01/16 02:05,Put,660.0,32
531,BHC,2021/02/19,$414.00K,25.0,26.11,2021/01/16 02:05,Put,414.0,32
532,DD,2021/02/19,$10.00K,120.0,81.68,2021/01/16 02:05,Call,10.0,32
533,DD,2021/02/19,$7.76M,120.0,81.68,2021/01/16 02:05,Put,7760.0,32
534,BHC,2022/01/21,$2.65M,20.0,26.1,2021/01/16 02:05,Call,2650.0,368
535,BHC,2021/01/15,$2.01M,20.0,26.1,2021/01/16 02:05,Call,2009.9999999999998,-3
536,VALE,2021/04/16,$480.00K,20.0,17.92,2021/01/16 02:02,Call,480.0,88
537,SNAP,2021/03/19,$719.96K,45.0,49.84,2021/01/16 01:59,Put,719.96,60
538,DVN,2021/02/19,$210.00K,22.0,19.76,2021/01/16 01:59,Call,210.0,32
539,TWTR,2021/01/15,$3.20K,44.0,45.72,2021/01/16 01:58,Put,3.2,-3
540,LVS,2021/03/19,$424.89K,55.0,54.72,2021/01/16 01:56,Call,424.89,60
541,FSLR,2021/06/18,$880.00K,90.0,98.36,2021/01/16 01:55,Put,880.0,151
542,FSLR,2021/09/17,$910.00K,85.0,98.28,2021/01/16 01:55,Put,910.0,242
543,Z,2021/01/15,$139.20K,140.0,139.46,2021/01/16 01:55,Put,139.2,-3
544,LVS,2021/03/19,$606.89K,55.0,54.67,2021/01/16 01:54,Call,606.89,60
545,LVS,2021/03/19,$40.50K,75.0,54.31,2021/01/16 01:49,Call,40.5,60
546,LVS,2021/03/19,$312.00K,60.0,54.31,2021/01/16 01:49,Call,312.0,60
547,LVS,2021/03/19,$337.50K,50.0,54.31,2021/01/16 01:49,Put,337.5,60
548,VALE,2023/01/20,$585.00K,35.0,17.9,2021/01/16 01:48,Call,585.0,732
549,V,2021/01/15,$163.72K,200.0,201.12,2021/01/16 01:48,Call,163.72,-3
550,FB,2022/01/21,$4.55M,240.0,252.31,2021/01/16 01:46,Call,4550.0,368
551,FB,2022/01/21,$3.17M,240.0,252.31,2021/01/16 01:46,Put,3170.0,368
552,FCEL,2023/01/20,$830.00K,35.0,15.91,2021/01/16 01:44,Call,830.0,732
553,FB,2021/01/22,$999.00K,260.0,252.47,2021/01/16 01:44,Put,999.0,4
554,FB,2021/01/15,$264.00K,255.0,252.47,2021/01/16 01:44,Put,264.0,-3
555,BMY,2021/02/19,$156.00K,65.0,66.75,2021/01/16 01:42,Put,156.0,32
556,BMY,2021/03/19,$150.80K,62.5,66.75,2021/01/16 01:42,Put,150.8,60
557,ABR,2023/01/20,$150.00K,10.0,14.4,2021/01/16 01:40,Put,150.0,732
558,SNAP,2021/03/19,$514.63K,45.0,49.69,2021/01/16 01:38,Put,514.63,60
559,FB,2021/03/19,$2.15M,245.0,252.6,2021/01/16 01:38,Call,2150.0,60
560,FB,2021/03/19,$1.38M,245.0,252.6,2021/01/16 01:38,Put,1380.0,60
561,FB,2021/03/19,$4.30M,245.0,252.6,2021/01/16 01:38,Call,4300.0,60
562,FB,2021/03/19,$2.75M,245.0,252.6,2021/01/16 01:38,Put,2750.0,60
563,C,2021/01/15,$118.00K,65.0,64.79,2021/01/16 01:36,Put,118.0,-3
564,C,2021/01/15,$82.00K,65.0,64.79,2021/01/16 01:36,Call,82.0,-3
565,DIS,2021/03/19,$524.00K,150.0,171.42,2021/01/16 01:35,Put,524.0,60
566,BB,2021/01/15,$11.99K,10.0,10.67,2021/01/16 01:35,Put,11.99,-3
567,NIO,2022/01/21,$1.35M,45.0,57.29,2021/01/16 01:32,Put,1350.0,368
568,NIO,2022/01/21,$590.00K,30.0,57.29,2021/01/16 01:32,Put,590.0,368
569,KGC,2021/05/21,$82.00K,7.0,7.09,2021/01/16 01:32,Put,82.0,123
570,FCEL,2022/01/21,$1.81M,4.0,15.76,2021/01/16 01:31,Call,1810.0,368
571,LVS,2021/01/22,$63.31K,57.0,54.21,2021/01/16 01:30,Call,63.31,4
572,FB,2021/02/19,$1.86M,245.0,253.02,2021/01/16 01:27,Call,1860.0,32
573,FB,2021/02/19,$1.04M,245.0,253.02,2021/01/16 01:27,Put,1040.0,32
574,UBER,2021/01/22,$156.00K,58.0,55.94,2021/01/16 01:20,Call,156.0,4
575,UBER,2021/01/15,$216.00K,55.0,55.94,2021/01/16 01:20,Call,216.0,-3
576,WMT,2021/03/19,$962.50K,155.0,145.83,2021/01/16 01:20,Call,962.5,60
577,WMT,2021/03/19,$798.00K,135.0,145.83,2021/01/16 01:20,Put,798.0,60
578,CCL,2021/04/16,$178.73K,17.5,20.95,2021/01/16 01:19,Put,178.73,88
579,KO,2021/06/18,$171.00K,45.0,48.79,2021/01/16 01:18,Put,171.0,151
580,NIU,2021/02/19,$220.00K,30.0,37.94,2021/01/16 01:13,Put,220.0,32
581,NIU,2021/03/19,$482.24K,35.0,38.02,2021/01/16 01:12,Put,482.24,60
582,C,2021/06/18,$705.60K,60.0,64.63,2021/01/16 01:11,Put,705.6,151
583,RIG,2022/01/21,$155.00K,3.0,3.27,2021/01/16 01:10,Call,155.0,368
584,AKAM,2021/03/19,$336.17K,95.0,106.22,2021/01/16 01:09,Put,336.17,60
585,DAL,2021/01/22,$69.63K,41.0,40.41,2021/01/16 01:09,Call,69.63,4
586,JNJ,2021/03/19,$350.00K,175.0,160.98,2021/01/16 01:08,Call,350.0,60
587,C,2021/06/18,$830.00K,60.0,64.66,2021/01/16 01:05,Put,830.0,151
588,C,2021/02/19,$387.50K,67.5,64.73,2021/01/16 01:05,Call,387.5,32
589,OPEN,2021/02/19,$1.81M,10.0,25.65,2021/01/16 01:03,Call,1810.0,32
590,VALE,2021/04/16,$1.53M,20.0,17.94,2021/01/16 01:03,Put,1530.0,88
591,OPEN,2021/02/19,$1.75M,10.0,25.61,2021/01/16 01:02,Call,1750.0,32
592,DD,2021/02/19,$16.00K,120.0,81.33,2021/01/16 01:02,Call,16.0,32
593,DD,2021/02/19,$7.82M,120.0,81.33,2021/01/16 01:02,Put,7820.0,32
594,FB,2021/02/19,$2.13M,245.0,252.73,2021/01/16 01:02,Put,2130.0,32
595,FB,2021/02/19,$3.72M,245.0,252.73,2021/01/16 01:02,Call,3720.0,32
596,ORCL,2021/02/19,$130.00K,65.0,61.75,2021/01/16 00:58,Call,130.0,32
597,TLRY,2021/01/22,$139.00K,22.0,19.94,2021/01/16 00:57,Call,139.0,4
598,VALE,2021/01/15,$386.10K,15.0,17.99,2021/01/16 00:55,Call,386.1,-3
599,DIS,2021/03/19,$1.47M,190.0,170.29,2021/01/16 00:54,Call,1470.0,60
600,DIS,2021/03/19,$1.64M,155.0,170.29,2021/01/16 00:54,Put,1640.0,60
601,DD,2021/02/19,$9.78M,120.0,81.36,2021/01/16 00:54,Put,9780.0,32
602,DIS,2021/01/15,$203.50K,170.0,170.63,2021/01/16 00:52,Call,203.5,-3
603,DIS,2021/01/15,$64.75K,170.0,170.63,2021/01/16 00:52,Put,64.75,-3
604,CLF,2021/03/19,$48.69K,25.0,16.84,2021/01/16 00:51,Call,48.69,60
605,AAL,2021/01/15,$9.54K,15.5,15.97,2021/01/16 00:51,Put,9.54,-3
606,DD,2021/02/19,$4.82M,105.0,81.48,2021/01/16 00:51,Put,4820.0,32
607,DD,2021/02/12,$69.00K,105.0,81.54,2021/01/16 00:50,Call,69.0,25
608,DD,2021/02/12,$3.64M,105.0,81.54,2021/01/16 00:50,Put,3640.0,25
609,XOM,2021/02/12,$108.23K,51.0,48.34,2021/01/16 00:50,Call,108.23,25
610,XOM,2023/01/20,$435.82K,30.0,48.45,2021/01/16 00:48,Put,435.82,732
611,ET,2021/02/19,$9.00K,9.0,7.0,2021/01/16 00:48,Call,9.0,32
612,GME,2021/01/15,$49.84K,33.0,36.2,2021/01/16 00:47,Put,49.84,-3
613,GME,2021/01/15,$82.50K,33.0,36.2,2021/01/16 00:47,Put,82.5,-3
614,GME,2021/01/15,$120.00K,34.0,36.2,2021/01/16 00:47,Put,120.0,-3
615,GME,2021/01/15,$71.20K,34.0,36.2,2021/01/16 00:47,Put,71.2,-3
616,XOM,2021/02/19,$166.03K,50.0,48.43,2021/01/16 00:45,Call,166.03,32
617,TEVA,2021/02/19,$117.00K,13.0,11.71,2021/01/16 00:41,Call,117.0,32
618,DD,2021/02/12,$2.42M,105.0,81.57,2021/01/16 00:40,Put,2420.0,25
619,GME,2021/01/15,$146.09K,35.0,36.74,2021/01/16 00:39,Put,146.09,-3
620,JPM,2021/02/19,$512.50K,140.0,138.46,2021/01/16 00:39,Call,512.5,32
621,BB,2021/01/22,$193.80K,10.0,10.44,2021/01/16 00:38,Put,193.8,4
622,BB,2021/01/22,$193.80K,11.5,10.44,2021/01/16 00:38,Call,193.8,4
623,BABA,2021/03/19,$4.68M,250.0,245.53,2021/01/16 00:37,Put,4680.0,60
624,BABA,2021/03/19,$3.66M,250.0,245.53,2021/01/16 00:37,Call,3660.0,60
625,XOM,2021/02/19,$359.00K,50.0,48.42,2021/01/16 00:35,Put,359.0,32
626,XOM,2021/02/19,$159.00K,50.0,48.42,2021/01/16 00:35,Call,159.0,32
627,BBBY,2021/01/22,$73.78K,24.5,25.51,2021/01/16 00:32,Put,73.78,4
628,GM,2021/03/19,$637.50K,50.0,50.42,2021/01/16 00:30,Put,637.5,60
629,GM,2021/03/19,$714.00K,50.0,50.42,2021/01/16 00:30,Call,714.0,60
630,VIAC,2021/03/19,$292.50K,50.0,45.27,2021/01/16 00:29,Call,292.5,60
631,MU,2021/04/16,$1.05M,85.0,80.96,2021/01/16 00:27,Call,1050.0,88
632,DD,2021/02/12,$4.88M,105.0,81.32,2021/01/16 00:27,Put,4880.0,25
633,UBER,2021/01/29,$137.24K,59.0,55.77,2021/01/16 00:26,Call,137.24,11
634,VFC,2021/01/15,$33.75K,85.0,84.88,2021/01/16 00:25,Call,33.75,-3
635,NOK,2023/01/20,$48.00K,7.0,4.1,2021/01/16 00:23,Call,48.0,732
636,DIS,2021/01/15,$543.60K,170.0,171.22,2021/01/16 00:23,Call,543.6,-3
637,BABA,2021/01/15,$2.09M,250.0,245.24,2021/01/16 00:22,Put,2090.0,-3
638,BABA,2021/01/15,$68.83K,250.0,245.24,2021/01/16 00:22,Call,68.83,-3
639,BABA,2021/03/19,$3.61M,250.0,244.94,2021/01/16 00:21,Call,3610.0,60
640,BABA,2021/03/19,$4.76M,250.0,244.94,2021/01/16 00:21,Put,4760.0,60
641,PINS,2021/01/15,$373.49K,67.5,69.89,2021/01/16 00:21,Call,373.49,-3
642,PINS,2021/02/19,$741.02K,90.0,69.89,2021/01/16 00:21,Call,741.02,32
643,PINS,2021/02/19,$906.19K,75.0,69.89,2021/01/16 00:21,Call,906.19,32
644,GE,2022/01/21,$390.00K,10.0,11.46,2021/01/16 00:21,Put,390.0,368
645,NOK,2023/01/20,$275.94K,4.0,4.1,2021/01/16 00:19,Call,275.94,732
646,NIO,2021/03/19,$5.60M,55.0,57.8,2021/01/16 00:17,Call,5600.0,60
647,NIO,2021/03/19,$4.30M,55.0,57.78,2021/01/16 00:17,Put,4300.0,60
648,BABA,2021/01/15,$645.00K,250.0,244.9,2021/01/16 00:16,Put,645.0,-3
649,CSCO,2021/01/15,$48.00K,45.0,45.12,2021/01/16 00:15,Put,48.0,-3
650,CSCO,2021/01/15,$88.00K,45.0,45.12,2021/01/16 00:15,Call,88.0,-3
651,VALE,2021/03/19,$188.00K,18.0,17.9,2021/01/16 00:12,Put,188.0,60
652,BABA,2021/01/15,$130.16K,245.0,244.57,2021/01/16 00:10,Call,130.16,-3
653,ITUB,2021/02/19,$50.31K,6.0,5.99,2021/01/16 00:07,Call,50.31,32
654,ITUB,2021/01/15,$6.71K,6.0,5.99,2021/01/16 00:07,Call,6.71,-3
655,GM,2022/01/21,$2.75M,50.0,50.24,2021/01/16 00:07,Put,2750.0,368
656,PLUG,2023/01/20,$5.05M,30.0,59.97,2021/01/16 00:07,Put,5050.0,732
657,PLTR,2021/03/19,$1.45M,29.0,26.45,2021/01/16 00:07,Put,1450.0,60
658,VALE,2021/06/18,$66.98K,25.0,17.87,2021/01/16 00:06,Call,66.98,151
659,UAL,2021/06/18,$697.50K,40.0,44.69,2021/01/16 00:05,Put,697.5,151
660,MU,2021/04/16,$875.82K,85.0,80.13,2021/01/16 00:05,Call,875.82,88
661,GE,2022/01/21,$116.42K,15.0,11.42,2021/01/16 00:04,Call,116.42,368
662,GE,2022/01/21,$313.19K,15.0,11.42,2021/01/16 00:04,Call,313.19,368
663,VALE,2021/01/15,$287.00K,15.0,17.88,2021/01/16 00:04,Call,287.0,-3
664,MU,2021/04/16,$775.52K,82.5,80.15,2021/01/16 00:03,Call,775.52,88
665,LVS,2021/02/19,$55.20K,67.5,55.13,2021/01/16 00:02,Call,55.2,32
666,MU,2021/04/16,$1.95M,82.5,80.14,2021/01/16 00:01,Call,1950.0,88
667,DVN,2022/01/21,$369.75K,7.74,19.31,2021/01/15 23:59,Put,369.75,368
668,DVN,2022/01/21,$647.50K,14.74,19.31,2021/01/15 23:59,Put,647.5,368
669,PLUG,2021/02/19,$3.68M,50.0,60.19,2021/01/15 23:58,Call,3680.0,32
670,GM,2021/02/19,$103.02K,60.0,50.15,2021/01/15 23:58,Call,103.02,32
671,VALE,2021/06/18,$67.60K,25.0,17.93,2021/01/15 23:57,Call,67.6,151
672,CVS,2021/01/15,$101.25K,75.0,75.73,2021/01/15 23:57,Call,101.25,-3
673,LI,2021/01/22,$114.29K,34.5,33.14,2021/01/15 23:57,Call,114.29,4
674,EXC,2021/07/16,$555.00K,45.0,42.65,2021/01/15 23:55,Call,555.0,179
675,PFE,2021/03/19,$302.40K,40.0,36.54,2021/01/15 23:53,Call,302.4,60
676,BABA,2021/04/16,$548.86K,295.0,244.55,2021/01/15 23:52,Call,548.86,88
677,PFE,2021/02/19,$230.00K,36.0,36.54,2021/01/15 23:51,Put,230.0,32
678,BABA,2021/03/19,$1.02M,215.0,244.07,2021/01/15 23:50,Put,1020.0,60
679,NIO,2021/04/16,$914.93K,75.0,57.38,2021/01/15 23:49,Call,914.93,88
680,UAL,2022/01/21,$900.00K,42.0,44.57,2021/01/15 23:49,Put,900.0,368
681,UAL,2022/01/21,$970.00K,47.0,44.57,2021/01/15 23:49,Call,970.0,368
682,VALE,2021/04/16,$105.84K,20.0,18.0,2021/01/15 23:49,Call,105.84,88
683,TWTR,2021/09/17,$476.45K,39.0,45.87,2021/01/15 23:48,Put,476.45,242
684,SQ,2021/01/15,$338.25K,230.0,229.35,2021/01/15 23:47,Call,338.25,-3
685,SQ,2021/01/15,$502.25K,230.0,229.35,2021/01/15 23:47,Put,502.25,-3
686,PLTR,2021/03/19,$763.08K,29.0,26.91,2021/01/15 23:47,Put,763.08,60
687,RIG,2022/01/21,$390.00K,3.0,3.28,2021/01/15 23:47,Put,390.0,368
688,RIG,2022/01/21,$66.00K,1.0,3.28,2021/01/15 23:47,Put,66.0,368
689,NOK,2022/01/21,$314.70K,5.0,4.09,2021/01/15 23:46,Put,314.7,368
690,KMI,2021/01/22,$58.21K,15.5,15.41,2021/01/15 23:46,Put,58.21,4
691,RIG,2022/01/21,$889.00K,3.0,3.26,2021/01/15 23:45,Put,889.0,368
692,RIG,2022/01/21,$133.00K,1.0,3.26,2021/01/15 23:45,Put,133.0,368
693,NOK,2023/01/20,$158.00K,5.0,4.09,2021/01/15 23:45,Put,158.0,732
694,NCLH,2021/06/18,$372.67K,22.5,25.97,2021/01/15 23:44,Put,372.67,151
695,NIO,2021/01/22,$530.98K,58.0,57.81,2021/01/15 23:40,Put,530.98,4
696,XOM,2021/01/15,$584.38K,45.0,47.78,2021/01/15 23:40,Call,584.38,-3
697,PLTR,2021/05/21,$1.44M,25.0,27.26,2021/01/15 23:40,Put,1440.0,123
698,RCL,2021/01/15,$1.02M,65.0,73.78,2021/01/15 23:40,Call,1020.0,-3
699,RCL,2021/02/05,$1.01M,67.0,73.78,2021/01/15 23:40,Call,1010.0,18
700,SPCE,2021/01/15,$2.06M,35.0,31.07,2021/01/15 23:40,Put,2060.0,-3
701,SPCE,2021/01/15,$10.00K,35.0,31.07,2021/01/15 23:40,Call,10.0,-3
702,TLRY,2021/01/15,$77.76K,20.0,20.07,2021/01/15 23:39,Put,77.76,-3
703,PLTR,2021/01/15,$3.40K,35.0,27.29,2021/01/15 23:38,Call,3.4,-3
704,PLTR,2021/02/19,$305.91K,40.0,27.29,2021/01/15 23:38,Call,305.91,32
705,BABA,2021/02/19,$257.00K,280.0,244.84,2021/01/15 23:36,Call,257.0,32
706,VALE,2021/01/22,$69.03K,19.0,17.97,2021/01/15 23:36,Call,69.03,4
707,FCEL,2021/01/15,$15.05K,17.0,15.96,2021/01/15 23:36,Call,15.05,-3
708,TLRY,2021/01/15,$78.23K,20.0,20.55,2021/01/15 23:36,Call,78.23,-3
709,MS,2021/02/19,$78.75K,65.0,74.72,2021/01/15 23:36,Put,78.75,32
710,NIO,2021/03/19,$1.05M,55.0,57.53,2021/01/15 23:36,Put,1050.0,60
711,MS,2021/03/19,$568.75K,75.0,74.64,2021/01/15 23:34,Put,568.75,60
712,MS,2021/03/19,$493.75K,75.0,74.64,2021/01/15 23:34,Call,493.75,60
713,XOM,2021/04/16,$124.00K,55.0,47.85,2021/01/15 23:32,Call,124.0,88
714,CSCO,2021/01/15,$105.00K,45.0,45.09,2021/01/15 23:31,Put,105.0,-3
715,CSCO,2021/01/15,$133.00K,45.0,45.09,2021/01/15 23:31,Call,133.0,-3
716,CSCO,2021/02/19,$330.00K,45.0,45.09,2021/01/15 23:31,Put,330.0,32
717,CCJ,2021/01/15,$60.00K,13.0,13.12,2021/01/15 23:29,Call,60.0,-3
718,BABA,2021/02/19,$2.44M,225.0,242.88,2021/01/15 23:28,Call,2440.0,32
719,IFF,2021/02/19,$4.51M,150.0,116.89,2021/01/15 23:28,Put,4510.0,32
720,IFF,2021/02/19,$58.50K,150.0,116.89,2021/01/15 23:28,Call,58.5,32
721,IBN,2021/01/15,$25.00K,15.0,14.92,2021/01/15 23:28,Put,25.0,-3
722,IFF,2021/02/19,$3.42M,150.0,116.74,2021/01/15 23:28,Put,3420.0,32
723,SKT,2021/03/19,$1.38M,12.0,12.43,2021/01/15 23:28,Put,1380.0,60
724,SKT,2021/03/19,$351.11K,12.0,12.45,2021/01/15 23:27,Put,351.11,60
725,LI,2021/01/22,$102.06K,34.5,32.9,2021/01/15 23:26,Call,102.06,4
726,LB,2021/03/19,$316.00K,60.0,44.23,2021/01/15 23:26,Call,316.0,60
727,JMIA,2021/01/15,$76.08K,42.0,43.34,2021/01/15 23:26,Put,76.08,-3
728,LB,2021/03/19,$514.00K,50.0,44.23,2021/01/15 23:26,Call,514.0,60
729,PLTR,2021/03/19,$723.02K,29.0,27.19,2021/01/15 23:26,Put,723.02,60
730,FUBO,2021/03/19,$530.00K,45.0,33.17,2021/01/15 23:26,Call,530.0,60
731,SNAP,2021/01/15,$9.76K,47.5,49.43,2021/01/15 23:25,Put,9.76,-3
732,IBN,2021/01/15,$30.36K,15.0,14.88,2021/01/15 23:25,Put,30.36,-3
733,OXY,2021/02/19,$67.09K,28.0,22.76,2021/01/15 23:20,Call,67.09,32
734,JD,2021/01/15,$71.66K,88.0,87.66,2021/01/15 23:19,Call,71.66,-3
735,C,2021/06/18,$155.59K,50.0,65.58,2021/01/15 23:18,Put,155.59,151
736,ET,2021/02/19,$14.18K,9.0,6.95,2021/01/15 23:17,Call,14.18,32
737,GME,2021/01/22,$956.25K,40.0,35.92,2021/01/15 23:16,Put,956.25,4
738,NIO,2021/05/21,$5.00M,50.0,57.52,2021/01/15 23:16,Put,5000.0,123
739,UBER,2021/02/12,$152.10K,50.0,56.29,2021/01/15 23:15,Put,152.1,25
740,SQ,2022/01/21,$7.90M,200.0,231.15,2021/01/15 23:15,Put,7900.0,368
741,IFF,2021/01/22,$1.78M,135.0,116.92,2021/01/15 23:14,Put,1780.0,4
742,TWTR,2021/01/15,$62.00K,45.0,45.46,2021/01/15 23:13,Call,62.0,-3
743,PDD,2021/01/29,$169.50K,190.0,158.91,2021/01/15 23:12,Call,169.5,11
744,PDD,2021/01/29,$537.00K,145.0,158.91,2021/01/15 23:12,Put,537.0,11
745,PLUG,2021/01/15,$139.12K,60.0,60.27,2021/01/15 23:11,Call,139.12,-3
746,IBN,2021/01/15,$15.02K,15.0,14.88,2021/01/15 23:11,Put,15.02,-3
747,IBN,2021/01/15,$15.00K,15.0,14.88,2021/01/15 23:11,Put,15.0,-3
748,TLRY,2021/01/22,$230.78K,20.0,20.03,2021/01/15 23:10,Call,230.78,4
749,JMIA,2021/02/19,$770.70K,45.0,44.32,2021/01/15 23:10,Put,770.7,32
750,SNAP,2021/01/15,$8.02K,47.5,49.54,2021/01/15 23:08,Put,8.02,-3
751,PLUG,2021/01/15,$123.41K,59.0,59.75,2021/01/15 23:06,Put,123.41,-3
752,FB,2021/01/15,$1.71M,265.0,249.25,2021/01/15 23:06,Put,1710.0,-3
753,FB,2021/02/19,$1.80M,255.0,249.25,2021/01/15 23:06,Put,1800.0,32
754,FB,2021/06/18,$1.86M,220.0,249.09,2021/01/15 23:06,Put,1860.0,151
755,PDD,2021/01/29,$260.00K,180.0,158.63,2021/01/15 23:06,Call,260.0,11
756,JD,2021/01/15,$9.99K,85.0,88.84,2021/01/15 23:05,Put,9.99,-3
757,PBR,2021/04/16,$76.41K,13.0,10.98,2021/01/15 23:03,Call,76.41,88
758,NNDM,2021/02/19,$102.80K,17.5,10.49,2021/01/15 23:02,Call,102.8,32
759,GME,2021/03/19,$947.70K,34.0,36.8,2021/01/15 23:00,Put,947.7,60
760,CCL,2021/01/22,$40.00K,19.5,21.09,2021/01/15 23:00,Put,40.0,4
761,BB,2021/01/15,$139.37K,12.0,11.2,2021/01/15 23:00,Call,139.37,-3
762,TWTR,2021/02/05,$105.00K,42.0,45.59,2021/01/15 22:58,Put,105.0,18
763,BB,2021/01/22,$114.11K,15.0,11.03,2021/01/15 22:58,Call,114.11,4
764,XOM,2021/02/19,$174.00K,40.0,48.47,2021/01/15 22:58,Put,174.0,32
765,SPR,2021/01/15,$23.22K,40.0,39.28,2021/01/15 22:57,Call,23.22,-3
766,RCL,2022/01/21,$81.31K,12.5,75.41,2021/01/15 22:57,Put,81.31,368
767,RCL,2022/01/21,$58.69K,12.5,75.41,2021/01/15 22:57,Put,58.69,368
768,BB,2021/01/15,$88.50K,12.0,11.0,2021/01/15 22:56,Call,88.5,-3
769,NIO,2021/01/22,$216.43K,60.0,58.24,2021/01/15 22:56,Call,216.43,4
770,BB,2021/01/15,$43.09K,12.0,10.99,2021/01/15 22:56,Call,43.09,-3
771,MU,2021/01/15,$45.05K,81.0,81.12,2021/01/15 22:55,Put,45.05,-3
772,NOK,2021/03/19,$32.26K,5.0,4.13,2021/01/15 22:55,Call,32.26,60
773,VALE,2021/01/22,$24.00K,20.0,18.19,2021/01/15 22:55,Call,24.0,4
774,UBER,2021/01/15,$905.95K,55.0,57.52,2021/01/15 22:54,Call,905.95,-3
775,PLTR,2021/01/15,$688.25K,25.0,27.66,2021/01/15 22:52,Call,688.25,-3
776,RTX,2021/02/05,$72.85K,64.0,69.51,2021/01/15 22:51,Put,72.85,18
777,FB,2021/01/29,$241.77K,220.0,251.06,2021/01/15 22:51,Put,241.77,11
778,ACIA,2021/11/19,$8.90M,70.0,114.06,2021/01/15 22:51,Call,8900.0,305
779,C,2021/09/17,$1.50M,65.0,66.57,2021/01/15 22:51,Put,1500.0,242
780,VALE,2023/01/20,$253.21K,35.0,18.2,2021/01/15 22:51,Call,253.21,732
781,KO,2022/01/21,$104.76K,60.0,48.79,2021/01/15 22:50,Call,104.76,368
782,ACIA,2021/11/19,$6.00M,85.0,114.05,2021/01/15 22:50,Call,6000.0,305
783,DD,2021/02/12,$6.06M,105.0,81.7,2021/01/15 22:48,Put,6060.0,25
784,DD,2021/02/12,$75.00K,105.0,81.7,2021/01/15 22:48,Call,75.0,25
785,APHA,2021/02/26,$290.31K,13.5,13.83,2021/01/15 22:47,Call,290.31,39
786,CLF,2021/07/16,$373.59K,18.0,17.6,2021/01/15 22:46,Call,373.59,179
787,KO,2021/01/15,$8.07K,50.0,48.95,2021/01/15 22:46,Call,8.07,-3
788,VALE,2021/02/19,$57.00K,20.0,18.12,2021/01/15 22:44,Call,57.0,32
789,GE,2021/02/05,$97.50K,10.0,11.38,2021/01/15 22:44,Put,97.5,18
790,HEXO,2021/02/19,$47.38K,2.0,7.61,2021/01/15 22:43,Call,47.38,32
791,VALE,2021/02/19,$76.79K,20.0,18.13,2021/01/15 22:42,Call,76.79,32
792,GM,2022/01/21,$375.00K,70.0,50.65,2021/01/15 22:41,Call,375.0,368
793,CCJ,2021/07/16,$128.00K,20.0,13.38,2021/01/15 22:41,Call,128.0,179
794,NOK,2021/03/19,$24.98K,5.0,4.1,2021/01/15 22:41,Call,24.98,60
795,OXY,2021/02/19,$269.88K,22.0,23.33,2021/01/15 22:41,Call,269.88,32
796,GM,2022/01/21,$369.96K,70.0,50.44,2021/01/15 22:41,Call,369.96,368
797,FNF,2021/06/18,$285.82K,42.0,39.13,2021/01/15 22:40,Call,285.82,151
798,VALE,2021/02/05,$81.26K,19.5,18.11,2021/01/15 22:39,Call,81.26,18
799,VALE,2021/02/05,$75.70K,19.5,18.11,2021/01/15 22:39,Call,75.7,18
800,PCG,2021/01/15,$35.65K,12.0,12.2,2021/01/15 22:38,Call,35.65,-3
801,VALE,2021/01/29,$185.27K,19.0,18.21,2021/01/15 22:37,Call,185.27,11
802,GM,2022/01/21,$380.00K,70.0,50.66,2021/01/15 22:37,Call,380.0,368
803,KR,2021/01/15,$115.92K,33.0,33.26,2021/01/15 22:37,Call,115.92,-3
804,KR,2021/02/19,$214.45K,34.0,33.26,2021/01/15 22:37,Call,214.45,32
805,MNST,2021/01/15,$182.00K,92.0,90.04,2021/01/15 22:36,Put,182.0,-3
806,VALE,2023/01/20,$359.23K,35.0,18.19,2021/01/15 22:36,Call,359.23,732
807,NOK,2021/07/16,$48.00K,4.0,4.1,2021/01/15 22:35,Put,48.0,179
808,APHA,2021/02/26,$379.71K,10.0,13.17,2021/01/15 22:34,Call,379.71,39
809,C,2021/02/19,$101.25K,60.0,67.18,2021/01/15 22:34,Put,101.25,32
810,FCX,2021/02/19,$225.38K,33.0,31.01,2021/01/15 22:34,Call,225.38,32
811,NIO,2021/01/22,$136.53K,65.0,60.04,2021/01/15 22:34,Call,136.53,4
812,SNAP,2021/03/19,$615.00K,50.0,50.55,2021/01/15 22:33,Call,615.0,60
813,KGC,2021/02/19,$72.73K,7.0,7.13,2021/01/15 22:32,Put,72.73,32
814,KGC,2021/02/19,$67.47K,7.0,7.14,2021/01/15 22:32,Put,67.47,32
815,PLTR,2021/01/15,$127.85K,26.5,26.42,2021/01/15 22:32,Call,127.85,-3
816,FCEL,2021/01/15,$55.47K,17.0,16.72,2021/01/15 22:32,Call,55.47,-3
817,PLTR,2021/01/15,$217.54K,26.5,26.52,2021/01/15 22:32,Call,217.54,-3
818,AAL,2021/01/15,$17.23K,16.5,16.13,2021/01/15 22:31,Call,17.23,-3
819,AAL,2021/07/16,$250.00K,15.0,16.14,2021/01/15 22:31,Put,250.0,179
820,PLUG,2021/01/15,$145.00K,64.0,64.03,2021/01/15 22:31,Call,145.0,-3
821,DDD,2021/01/22,$233.22K,30.0,28.7,2021/01/15 22:30,Call,233.22,4
822,KGC,2021/02/19,$46.80K,7.0,7.13,2021/01/15 22:30,Put,46.8,32
823,OXY,2021/01/15,$65.91K,24.0,23.5,2021/01/15 22:30,Put,65.91,-3
824,VALE,2021/06/18,$283.50K,17.0,18.22,2021/01/15 22:30,Put,283.5,151
825,ACB,2021/01/15,$171.18K,11.5,12.67,2021/01/15 22:30,Call,171.18,-3
826,AAL,2021/07/16,$110.00K,12.0,16.22,2021/01/15 22:30,Put,110.0,179
827,GM,2021/02/19,$147.40K,55.0,51.09,2021/01/15 22:30,Call,147.4,32
